pdf_sha256,tabela_idx,linha_tabela,nome_pdf,url_fonte,sigla,pagina,texto,parse_flag,servico,produto,eixo_num,area
362fd8ad5b7d825a1b9f2a9a3a00449047e21de942d042d587b11be5d30d4137,0,5,agu_ptd_2025_2027_anexo_de_entregas_assinado_assinado_assinado-copia_tarjada.pdf,https://www.gov.br/governodigital/pt-br/estrategias-e-governanca-digital/planos-de-transformacao-digital/ptds-vigentes/agu_ptd_2025_2027_anexo_de_entregas_assinado_assinado_assinado-copia_tarjada.pdf,AGU,1,prices Públicas | dos usuários | enmncuo | Joe | amas |,sem_produto,prices Públicas | dos usuários | enmncuo | Joe | amas |,,1,
362fd8ad5b7d825a1b9f2a9a3a00449047e21de942d042d587b11be5d30d4137,0,11,agu_ptd_2025_2027_anexo_de_entregas_assinado_assinado_assinado-copia_tarjada.pdf,https://www.gov.br/governodigital/pt-br/estrategias-e-governanca-digital/planos-de-transformacao-digital/ptds-vigentes/agu_ptd_2025_2027_anexo_de_entregas_assinado_assinado_assinado-copia_tarjada.pdf,AGU,1,E públicas federais | e dos usuários | mmamgam Serviços Digitais e Melhoria da Qualidade | Ju SGE | 5],sem_produto,E públicas federais | e dos usuários | mmamgam Serviços Digitais e Melhoria da Qualidade | Ju SGE | 5],,1,
362fd8ad5b7d825a1b9f2a9a3a00449047e21de942d042d587b11be5d30d4137,0,13,agu_ptd_2025_2027_anexo_de_entregas_assinado_assinado_assinado-copia_tarjada.pdf,https://www.gov.br/governodigital/pt-br/estrategias-e-governanca-digital/planos-de-transformacao-digital/ptds-vigentes/agu_ptd_2025_2027_anexo_de_entregas_assinado_assinado_assinado-copia_tarjada.pdf,AGU,1,Solicitar Parcelamento Simplificado de Débitos | ua Integração à ferramenta de avaliação da satisfação E | ; . e | E,sem_produto,Solicitar Parcelamento Simplificado de Débitos | ua Integração à ferramenta de avaliação da satisfação E | ; . e | E,,1,
362fd8ad5b7d825a1b9f2a9a3a00449047e21de942d042d587b11be5d30d4137,1,0,agu_ptd_2025_2027_anexo_de_entregas_assinado_assinado_assinado-copia_tarjada.pdf,https://www.gov.br/governodigital/pt-br/estrategias-e-governanca-digital/planos-de-transformacao-digital/ptds-vigentes/agu_ptd_2025_2027_anexo_de_entregas_assinado_assinado_assinado-copia_tarjada.pdf,AGU,2,"PPSI Ciclo 5 | Auto-avaliação, análise de lacunas e planejamento | | Segurança e Privacidade | jul-25",sem_produto,"PPSI Ciclo 5 | Auto-avaliação, análise de lacunas e planejamento | | Segurança e Privacidade | jul-25",,4,
362fd8ad5b7d825a1b9f2a9a3a00449047e21de942d042d587b11be5d30d4137,1,2,agu_ptd_2025_2027_anexo_de_entregas_assinado_assinado_assinado-copia_tarjada.pdf,https://www.gov.br/governodigital/pt-br/estrategias-e-governanca-digital/planos-de-transformacao-digital/ptds-vigentes/agu_ptd_2025_2027_anexo_de_entregas_assinado_assinado_assinado-copia_tarjada.pdf,AGU,2,"PPSI Ciclo 6 | Auto-avaliação, análise de lacunas e planejamento | | Segurança e Privacidade | ES",sem_produto,"PPSI Ciclo 6 | Auto-avaliação, análise de lacunas e planejamento | | Segurança e Privacidade | ES",,4,
362fd8ad5b7d825a1b9f2a9a3a00449047e21de942d042d587b11be5d30d4137,1,4,agu_ptd_2025_2027_anexo_de_entregas_assinado_assinado_assinado-copia_tarjada.pdf,https://www.gov.br/governodigital/pt-br/estrategias-e-governanca-digital/planos-de-transformacao-digital/ptds-vigentes/agu_ptd_2025_2027_anexo_de_entregas_assinado_assinado_assinado-copia_tarjada.pdf,AGU,2,"PPSI Ciclo 7 | Auto-avaliação, análise de lacunas e planejamento | | Segurança e Privacidade | juL-26",sem_produto,"PPSI Ciclo 7 | Auto-avaliação, análise de lacunas e planejamento | | Segurança e Privacidade | juL-26",,4,
362fd8ad5b7d825a1b9f2a9a3a00449047e21de942d042d587b11be5d30d4137,2,0,agu_ptd_2025_2027_anexo_de_entregas_assinado_assinado_assinado-copia_tarjada.pdf,https://www.gov.br/governodigital/pt-br/estrategias-e-governanca-digital/planos-de-transformacao-digital/ptds-vigentes/agu_ptd_2025_2027_anexo_de_entregas_assinado_assinado_assinado-copia_tarjada.pdf,AGU,2,peestcio1 O | limpimentaçõodopes | Isegurançacpivacidado | soe | | cercas,sem_produto,peestcio1 O | limpimentaçõodopes | Isegurançacpivacidado | soe | | cercas,,4,
362fd8ad5b7d825a1b9f2a9a3a00449047e21de942d042d587b11be5d30d4137,2,1,agu_ptd_2025_2027_anexo_de_entregas_assinado_assinado_assinado-copia_tarjada.pdf,https://www.gov.br/governodigital/pt-br/estrategias-e-governanca-digital/planos-de-transformacao-digital/ptds-vigentes/agu_ptd_2025_2027_anexo_de_entregas_assinado_assinado_assinado-copia_tarjada.pdf,AGU,2,[pPsiciioz O | |rustoravaliação análise delacunas eplanejamento | Segurançacprvacidade | | Ísoe | | jancda,sem_produto,[pPsiciioz O | |rustoravaliação análise delacunas eplanejamento | Segurançacprvacidade | | Ísoe | | jancda,,4,
362fd8ad5b7d825a1b9f2a9a3a00449047e21de942d042d587b11be5d30d4137,2,2,agu_ptd_2025_2027_anexo_de_entregas_assinado_assinado_assinado-copia_tarjada.pdf,https://www.gov.br/governodigital/pt-br/estrategias-e-governanca-digital/planos-de-transformacao-digital/ptds-vigentes/agu_ptd_2025_2027_anexo_de_entregas_assinado_assinado_assinado-copia_tarjada.pdf,AGU,2,ETeeeeoeeoeeoe— | o | O ooo | oo— | =,sem_produto,ETeeeeoeeoeeoe— | o | O ooo | oo— | =,,4,
2cea12f35e0c5420cc333911f783d0b73acb340b17c3c001914cb2c56a2aff2c,0,1,agu_ptd_2025_2027_docdiretivo_assinado_assinado_assinado-copia_tarjada.pdf,https://www.gov.br/governodigital/pt-br/estrategias-e-governanca-digital/planos-de-transformacao-digital/ptds-vigentes/agu_ptd_2025_2027_docdiretivo_assinado_assinado_assinado-copia_tarjada.pdf,AGU,8,"traso ou indisponibilidade nas ações interoperabilidade que envolvem outros parceiros | defPouco provável | ransferir | 1,2,7,11e 14",sem_produto,"traso ou indisponibilidade nas ações interoperabilidade que envolvem outros parceiros | defPouco provável | ransferir | 1,2,7,11e 14",,2,
2cea12f35e0c5420cc333911f783d0b73acb340b17c3c001914cb2c56a2aff2c,0,2,agu_ptd_2025_2027_docdiretivo_assinado_assinado_assinado-copia_tarjada.pdf,https://www.gov.br/governodigital/pt-br/estrategias-e-governanca-digital/planos-de-transformacao-digital/ptds-vigentes/agu_ptd_2025_2027_docdiretivo_assinado_assinado_assinado-copia_tarjada.pdf,AGU,8,e remnfo ão de Sistemas | fe,sem_produto,e remnfo ão de Sistemas | fe,,2,
2cea12f35e0c5420cc333911f783d0b73acb340b17c3c001914cb2c56a2aff2c,0,3,agu_ptd_2025_2027_docdiretivo_assinado_assinado_assinado-copia_tarjada.pdf,https://www.gov.br/governodigital/pt-br/estrategias-e-governanca-digital/planos-de-transformacao-digital/ptds-vigentes/agu_ptd_2025_2027_docdiretivo_assinado_assinado_assinado-copia_tarjada.pdf,AGU,8,Risco de Conformidade com a LGPD Outras Normas de Segurança | elMédio | fe Alto | iti | que.,sem_produto,Risco de Conformidade com a LGPD Outras Normas de Segurança | elMédio | fe Alto | iti | que.,,4,
2cea12f35e0c5420cc333911f783d0b73acb340b17c3c001914cb2c56a2aff2c,0,4,agu_ptd_2025_2027_docdiretivo_assinado_assinado_assinado-copia_tarjada.pdf,https://www.gov.br/governodigital/pt-br/estrategias-e-governanca-digital/planos-de-transformacao-digital/ptds-vigentes/agu_ptd_2025_2027_docdiretivo_assinado_assinado_assinado-copia_tarjada.pdf,AGU,8,Resiliência da Infraestrutura Sc | Baixo | Médio,sem_produto,Resiliência da Infraestrutura Sc | Baixo | Médio,,4,
2cea12f35e0c5420cc333911f783d0b73acb340b17c3c001914cb2c56a2aff2c,0,5,agu_ptd_2025_2027_docdiretivo_assinado_assinado_assinado-copia_tarjada.pdf,https://www.gov.br/governodigital/pt-br/estrategias-e-governanca-digital/planos-de-transformacao-digital/ptds-vigentes/agu_ptd_2025_2027_docdiretivo_assinado_assinado_assinado-copia_tarjada.pdf,AGU,8,A | GS 13.,sem_produto,A | GS 13.,,4,
2cea12f35e0c5420cc333911f783d0b73acb340b17c3c001914cb2c56a2aff2c,0,7,agu_ptd_2025_2027_docdiretivo_assinado_assinado_assinado-copia_tarjada.pdf,https://www.gov.br/governodigital/pt-br/estrategias-e-governanca-digital/planos-de-transformacao-digital/ptds-vigentes/agu_ptd_2025_2027_docdiretivo_assinado_assinado_assinado-copia_tarjada.pdf,AGU,8,"Orçamento Insuficiente ou Repasse | deMédio | Alto | Mitigar | 1,3,5,7 0 13",sem_produto,"Orçamento Insuficiente ou Repasse | deMédio | Alto | Mitigar | 1,3,5,7 0 13",,4,
88995e9705ca1c953b2f6405bc3dc35ddfe04718af1b4453feb2317ca8f64637,0,0,fiocruz_ptd_anexo_de_entregas_assinado_v1_assinado_assinado-1-copia_tarjada.pdf,https://www.gov.br/governodigital/pt-br/estrategias-e-governanca-digital/planos-de-transformacao-digital/ptds-vigentes/fiocruz_ptd_anexo_de_entregas_assinado_v1_assinado_assinado-1-copia_tarjada.pdf,FIOCRUZ,1,"Solicitar assessoria, planejamento ou orientação em projetos sobre simulídeos, oncocercose ou mansonelose - Fiocruz IOC/RJ | Disponibilização emAcessoDigital | Serviços Digitais e Melhoria da Qualidade | PR/CQuali | 31/12/2024 | 31/01/2025",sem_produto,"Solicitar assessoria, planejamento ou orientação em projetos sobre simulídeos, oncocercose ou mansonelose - Fiocruz IOC/RJ | Disponibilização emAcessoDigital | Serviços Digitais e Melhoria da Qualidade | PR/CQuali | 31/12/2024 | 31/01/2025",,1,
88995e9705ca1c953b2f6405bc3dc35ddfe04718af1b4453feb2317ca8f64637,0,1,fiocruz_ptd_anexo_de_entregas_assinado_v1_assinado_assinado-1-copia_tarjada.pdf,https://www.gov.br/governodigital/pt-br/estrategias-e-governanca-digital/planos-de-transformacao-digital/ptds-vigentes/fiocruz_ptd_anexo_de_entregas_assinado_v1_assinado_assinado-1-copia_tarjada.pdf,FIOCRUZ,1,Solicitar diagnóstico de referência parasitológico e/ou molecular nos vetores da oncocercose - Fiocruz IOC/RJ | Disponibilização emAcessoDigital | Serviços Digitais e Melhoria da Qualidade | PR/CQuali | 31/12/2024 | 31/01/2025,sem_produto,Solicitar diagnóstico de referência parasitológico e/ou molecular nos vetores da oncocercose - Fiocruz IOC/RJ | Disponibilização emAcessoDigital | Serviços Digitais e Melhoria da Qualidade | PR/CQuali | 31/12/2024 | 31/01/2025,,1,
88995e9705ca1c953b2f6405bc3dc35ddfe04718af1b4453feb2317ca8f64637,0,2,fiocruz_ptd_anexo_de_entregas_assinado_v1_assinado_assinado-1-copia_tarjada.pdf,https://www.gov.br/governodigital/pt-br/estrategias-e-governanca-digital/planos-de-transformacao-digital/ptds-vigentes/fiocruz_ptd_anexo_de_entregas_assinado_v1_assinado_assinado-1-copia_tarjada.pdf,FIOCRUZ,1,Solicitar diagnóstico de referência em oncocercose em humanos - Fiocruz IOC/RJ | Disponibilização emAcessoDigital | Serviços Digitais e Melhoria da Qualidade | PR/CQuali | 31/12/2024 | 31/01/2025,sem_produto,Solicitar diagnóstico de referência em oncocercose em humanos - Fiocruz IOC/RJ | Disponibilização emAcessoDigital | Serviços Digitais e Melhoria da Qualidade | PR/CQuali | 31/12/2024 | 31/01/2025,,1,
88995e9705ca1c953b2f6405bc3dc35ddfe04718af1b4453feb2317ca8f64637,0,3,fiocruz_ptd_anexo_de_entregas_assinado_v1_assinado_assinado-1-copia_tarjada.pdf,https://www.gov.br/governodigital/pt-br/estrategias-e-governanca-digital/planos-de-transformacao-digital/ptds-vigentes/fiocruz_ptd_anexo_de_entregas_assinado_v1_assinado_assinado-1-copia_tarjada.pdf,FIOCRUZ,1,Visitar trilha interpretativa - Fiocruz Mata Atlântica/RJ | Disponibilização emAcessoDigital | Serviços Digitais e Melhoria da Qualidade | PR/CQuali | 31/12/2024 | 27/02/2025,sem_produto,Visitar trilha interpretativa - Fiocruz Mata Atlântica/RJ | Disponibilização emAcessoDigital | Serviços Digitais e Melhoria da Qualidade | PR/CQuali | 31/12/2024 | 27/02/2025,,1,
88995e9705ca1c953b2f6405bc3dc35ddfe04718af1b4453feb2317ca8f64637,0,4,fiocruz_ptd_anexo_de_entregas_assinado_v1_assinado_assinado-1-copia_tarjada.pdf,https://www.gov.br/governodigital/pt-br/estrategias-e-governanca-digital/planos-de-transformacao-digital/ptds-vigentes/fiocruz_ptd_anexo_de_entregas_assinado_v1_assinado_assinado-1-copia_tarjada.pdf,FIOCRUZ,1,Solicitar treinamento especializado em hanseniase- Fiocruz IOC/RJ | Disponibilização emAcessoDigital | Serviços Digitais e Melhoria da Qualidade | PR/CQuali | 31/12/2024 | 28/02/2025,sem_produto,Solicitar treinamento especializado em hanseniase- Fiocruz IOC/RJ | Disponibilização emAcessoDigital | Serviços Digitais e Melhoria da Qualidade | PR/CQuali | 31/12/2024 | 28/02/2025,,1,
88995e9705ca1c953b2f6405bc3dc35ddfe04718af1b4453feb2317ca8f64637,0,5,fiocruz_ptd_anexo_de_entregas_assinado_v1_assinado_assinado-1-copia_tarjada.pdf,https://www.gov.br/governodigital/pt-br/estrategias-e-governanca-digital/planos-de-transformacao-digital/ptds-vigentes/fiocruz_ptd_anexo_de_entregas_assinado_v1_assinado_assinado-1-copia_tarjada.pdf,FIOCRUZ,1,Solicitar doação de sementes e mudas nativas para conservação e restauração ecológica do bioma atlântico - Fiocruz Mata Atlântica/RJ | Disponibilização emAcessoDigital | Serviços Digitais e Melhoria da Qualidade | PR/CQuali | 31/12/2024 | 28/03/2025,sem_produto,Solicitar doação de sementes e mudas nativas para conservação e restauração ecológica do bioma atlântico - Fiocruz Mata Atlântica/RJ | Disponibilização emAcessoDigital | Serviços Digitais e Melhoria da Qualidade | PR/CQuali | 31/12/2024 | 28/03/2025,,1,
88995e9705ca1c953b2f6405bc3dc35ddfe04718af1b4453feb2317ca8f64637,0,6,fiocruz_ptd_anexo_de_entregas_assinado_v1_assinado_assinado-1-copia_tarjada.pdf,https://www.gov.br/governodigital/pt-br/estrategias-e-governanca-digital/planos-de-transformacao-digital/ptds-vigentes/fiocruz_ptd_anexo_de_entregas_assinado_v1_assinado_assinado-1-copia_tarjada.pdf,FIOCRUZ,1,Solicitar identificação de referência de triatomíneos (barbeiros) - Fiocruz IOC/RJ | Disponibilização emAcessoDigital | Serviços Digitais e Melhoria da Qualidade | PR/CQuali | 31/12/2024 | 30/03/2025,sem_produto,Solicitar identificação de referência de triatomíneos (barbeiros) - Fiocruz IOC/RJ | Disponibilização emAcessoDigital | Serviços Digitais e Melhoria da Qualidade | PR/CQuali | 31/12/2024 | 30/03/2025,,1,
88995e9705ca1c953b2f6405bc3dc35ddfe04718af1b4453feb2317ca8f64637,0,7,fiocruz_ptd_anexo_de_entregas_assinado_v1_assinado_assinado-1-copia_tarjada.pdf,https://www.gov.br/governodigital/pt-br/estrategias-e-governanca-digital/planos-de-transformacao-digital/ptds-vigentes/fiocruz_ptd_anexo_de_entregas_assinado_v1_assinado_assinado-1-copia_tarjada.pdf,FIOCRUZ,1,Solicitar assessoria e consultoria em hanseníase - Fiocruz IOC/RJ | Disponibilização emAcessoDigital | Serviços Digitais e Melhoria da Qualidade | PR/CQuali | 31/12/2024 | 31/03/2025,sem_produto,Solicitar assessoria e consultoria em hanseníase - Fiocruz IOC/RJ | Disponibilização emAcessoDigital | Serviços Digitais e Melhoria da Qualidade | PR/CQuali | 31/12/2024 | 31/03/2025,,1,
88995e9705ca1c953b2f6405bc3dc35ddfe04718af1b4453feb2317ca8f64637,0,8,fiocruz_ptd_anexo_de_entregas_assinado_v1_assinado_assinado-1-copia_tarjada.pdf,https://www.gov.br/governodigital/pt-br/estrategias-e-governanca-digital/planos-de-transformacao-digital/ptds-vigentes/fiocruz_ptd_anexo_de_entregas_assinado_v1_assinado_assinado-1-copia_tarjada.pdf,FIOCRUZ,1,Solicitar diagnóstico molecular e genotipagem em leishmaniose - Fiocruz IOC/RJ | Disponibilização emAcessoDigital | Serviços Digitais e Melhoria da Qualidade | PR/CQuali | 31/12/2024 | 30/04/2025,sem_produto,Solicitar diagnóstico molecular e genotipagem em leishmaniose - Fiocruz IOC/RJ | Disponibilização emAcessoDigital | Serviços Digitais e Melhoria da Qualidade | PR/CQuali | 31/12/2024 | 30/04/2025,,1,
88995e9705ca1c953b2f6405bc3dc35ddfe04718af1b4453feb2317ca8f64637,0,9,fiocruz_ptd_anexo_de_entregas_assinado_v1_assinado_assinado-1-copia_tarjada.pdf,https://www.gov.br/governodigital/pt-br/estrategias-e-governanca-digital/planos-de-transformacao-digital/ptds-vigentes/fiocruz_ptd_anexo_de_entregas_assinado_v1_assinado_assinado-1-copia_tarjada.pdf,FIOCRUZ,1,Solicitar fornecimento de exemplares de culicídeos vetores de referencia - Fiocruz IOC/RJ | Disponibilização emAcessoDigital | Serviços Digitais e Melhoria da Qualidade | PR/CQuali | 31/12/2024 | 30/04/2025,sem_produto,Solicitar fornecimento de exemplares de culicídeos vetores de referencia - Fiocruz IOC/RJ | Disponibilização emAcessoDigital | Serviços Digitais e Melhoria da Qualidade | PR/CQuali | 31/12/2024 | 30/04/2025,,1,
88995e9705ca1c953b2f6405bc3dc35ddfe04718af1b4453feb2317ca8f64637,0,10,fiocruz_ptd_anexo_de_entregas_assinado_v1_assinado_assinado-1-copia_tarjada.pdf,https://www.gov.br/governodigital/pt-br/estrategias-e-governanca-digital/planos-de-transformacao-digital/ptds-vigentes/fiocruz_ptd_anexo_de_entregas_assinado_v1_assinado_assinado-1-copia_tarjada.pdf,FIOCRUZ,1,Solicitar identificação de morcegos hospedeiros - Fiocruz Mata Atlântica/RJ | Disponibilização emAcessoDigital | Serviços Digitais e Melhoria da Qualidade | PR/CQuali | 31/12/2024 | 09/05/2025,sem_produto,Solicitar identificação de morcegos hospedeiros - Fiocruz Mata Atlântica/RJ | Disponibilização emAcessoDigital | Serviços Digitais e Melhoria da Qualidade | PR/CQuali | 31/12/2024 | 09/05/2025,,1,
88995e9705ca1c953b2f6405bc3dc35ddfe04718af1b4453feb2317ca8f64637,0,11,fiocruz_ptd_anexo_de_entregas_assinado_v1_assinado_assinado-1-copia_tarjada.pdf,https://www.gov.br/governodigital/pt-br/estrategias-e-governanca-digital/planos-de-transformacao-digital/ptds-vigentes/fiocruz_ptd_anexo_de_entregas_assinado_v1_assinado_assinado-1-copia_tarjada.pdf,FIOCRUZ,1,Solicitar diagnóstico de referência para esquistossomose em caramujo - Fiocruz IOC/RJ | Disponibilização emAcessoDigital | Serviços Digitais e Melhoria da Qualidade | PR/CQuali | 31/12/2024 | 30/05/2025,sem_produto,Solicitar diagnóstico de referência para esquistossomose em caramujo - Fiocruz IOC/RJ | Disponibilização emAcessoDigital | Serviços Digitais e Melhoria da Qualidade | PR/CQuali | 31/12/2024 | 30/05/2025,,1,
88995e9705ca1c953b2f6405bc3dc35ddfe04718af1b4453feb2317ca8f64637,0,12,fiocruz_ptd_anexo_de_entregas_assinado_v1_assinado_assinado-1-copia_tarjada.pdf,https://www.gov.br/governodigital/pt-br/estrategias-e-governanca-digital/planos-de-transformacao-digital/ptds-vigentes/fiocruz_ptd_anexo_de_entregas_assinado_v1_assinado_assinado-1-copia_tarjada.pdf,FIOCRUZ,1,Solicitar diagnóstico de referência em identificação de moluscos de água doce - Fiocruz IOC/RJ | Disponibilização emAcessoDigital | Serviços Digitais e Melhoria da Qualidade | PR/CQuali | 31/12/2024 | 30/05/2025,sem_produto,Solicitar diagnóstico de referência em identificação de moluscos de água doce - Fiocruz IOC/RJ | Disponibilização emAcessoDigital | Serviços Digitais e Melhoria da Qualidade | PR/CQuali | 31/12/2024 | 30/05/2025,,1,
88995e9705ca1c953b2f6405bc3dc35ddfe04718af1b4453feb2317ca8f64637,0,13,fiocruz_ptd_anexo_de_entregas_assinado_v1_assinado_assinado-1-copia_tarjada.pdf,https://www.gov.br/governodigital/pt-br/estrategias-e-governanca-digital/planos-de-transformacao-digital/ptds-vigentes/fiocruz_ptd_anexo_de_entregas_assinado_v1_assinado_assinado-1-copia_tarjada.pdf,FIOCRUZ,1,Solicitar diagnóstico de referência para angiostrongilíases em moluscos - Fiocruz IOC/RJ | Disponibilização emAcessoDigital | Serviços Digitais e Melhoria da Qualidade | PR/CQuali | 31/12/2024 | 30/05/2025,sem_produto,Solicitar diagnóstico de referência para angiostrongilíases em moluscos - Fiocruz IOC/RJ | Disponibilização emAcessoDigital | Serviços Digitais e Melhoria da Qualidade | PR/CQuali | 31/12/2024 | 30/05/2025,,1,
88995e9705ca1c953b2f6405bc3dc35ddfe04718af1b4453feb2317ca8f64637,0,14,fiocruz_ptd_anexo_de_entregas_assinado_v1_assinado_assinado-1-copia_tarjada.pdf,https://www.gov.br/governodigital/pt-br/estrategias-e-governanca-digital/planos-de-transformacao-digital/ptds-vigentes/fiocruz_ptd_anexo_de_entregas_assinado_v1_assinado_assinado-1-copia_tarjada.pdf,FIOCRUZ,1,Solicitar identificação de moluscos terrestres - Fiocruz IOC/RJ | Disponibilização emAcessoDigital | Serviços Digitais e Melhoria da Qualidade | PR/CQuali | 31/12/2024 | 30/05/2025,sem_produto,Solicitar identificação de moluscos terrestres - Fiocruz IOC/RJ | Disponibilização emAcessoDigital | Serviços Digitais e Melhoria da Qualidade | PR/CQuali | 31/12/2024 | 30/05/2025,,1,
88995e9705ca1c953b2f6405bc3dc35ddfe04718af1b4453feb2317ca8f64637,0,15,fiocruz_ptd_anexo_de_entregas_assinado_v1_assinado_assinado-1-copia_tarjada.pdf,https://www.gov.br/governodigital/pt-br/estrategias-e-governanca-digital/planos-de-transformacao-digital/ptds-vigentes/fiocruz_ptd_anexo_de_entregas_assinado_v1_assinado_assinado-1-copia_tarjada.pdf,FIOCRUZ,1,"Solicitar fornecimento de material biológico: cepas de Schistosoma mansoni, moluscos do gênero Biomphalaria - Fiocruz IOC/RJ | Disponibilização emAcessoDigital | Serviços Digitais e Melhoria da Qualidade | PR/CQuali | 31/12/2024 | 31/05/2025",sem_produto,"Solicitar fornecimento de material biológico: cepas de Schistosoma mansoni, moluscos do gênero Biomphalaria - Fiocruz IOC/RJ | Disponibilização emAcessoDigital | Serviços Digitais e Melhoria da Qualidade | PR/CQuali | 31/12/2024 | 31/05/2025",,1,
88995e9705ca1c953b2f6405bc3dc35ddfe04718af1b4453feb2317ca8f64637,1,0,fiocruz_ptd_anexo_de_entregas_assinado_v1_assinado_assinado-1-copia_tarjada.pdf,https://www.gov.br/governodigital/pt-br/estrategias-e-governanca-digital/planos-de-transformacao-digital/ptds-vigentes/fiocruz_ptd_anexo_de_entregas_assinado_v1_assinado_assinado-1-copia_tarjada.pdf,FIOCRUZ,2,Visitar Sala Verde - Diálogos em Biodiversidade e Saúde - Fiocruz Mata Atlântica/RJ | Disponibilização emAcessoDigital | Serviços Digitais e Melhoria da Qualidade | PR/CQuali | 31/12/2024 | 03/06/2025,sem_produto,Visitar Sala Verde - Diálogos em Biodiversidade e Saúde - Fiocruz Mata Atlântica/RJ | Disponibilização emAcessoDigital | Serviços Digitais e Melhoria da Qualidade | PR/CQuali | 31/12/2024 | 03/06/2025,,1,
88995e9705ca1c953b2f6405bc3dc35ddfe04718af1b4453feb2317ca8f64637,1,1,fiocruz_ptd_anexo_de_entregas_assinado_v1_assinado_assinado-1-copia_tarjada.pdf,https://www.gov.br/governodigital/pt-br/estrategias-e-governanca-digital/planos-de-transformacao-digital/ptds-vigentes/fiocruz_ptd_anexo_de_entregas_assinado_v1_assinado_assinado-1-copia_tarjada.pdf,FIOCRUZ,2,Solicitar treinamento de referência para o diagnóstico molecular da malária - Fiocruz/RJ | Disponibilização emAcessoDigital | Serviços Digitais e Melhoria da Qualidade | PR/CQuali | 31/12/2024 | 30/06/2025,sem_produto,Solicitar treinamento de referência para o diagnóstico molecular da malária - Fiocruz/RJ | Disponibilização emAcessoDigital | Serviços Digitais e Melhoria da Qualidade | PR/CQuali | 31/12/2024 | 30/06/2025,,1,
88995e9705ca1c953b2f6405bc3dc35ddfe04718af1b4453feb2317ca8f64637,1,2,fiocruz_ptd_anexo_de_entregas_assinado_v1_assinado_assinado-1-copia_tarjada.pdf,https://www.gov.br/governodigital/pt-br/estrategias-e-governanca-digital/planos-de-transformacao-digital/ptds-vigentes/fiocruz_ptd_anexo_de_entregas_assinado_v1_assinado_assinado-1-copia_tarjada.pdf,FIOCRUZ,2,Solicitar identificação e diagnóstico viral de referência em culicídeos vetores de febre amarela - Fiocruz IOC/RJ | Disponibilização emAcessoDigital | Serviços Digitais e Melhoria da Qualidade | PR/CQuali | 31/12/2024 | 30/06/2025,sem_produto,Solicitar identificação e diagnóstico viral de referência em culicídeos vetores de febre amarela - Fiocruz IOC/RJ | Disponibilização emAcessoDigital | Serviços Digitais e Melhoria da Qualidade | PR/CQuali | 31/12/2024 | 30/06/2025,,1,
88995e9705ca1c953b2f6405bc3dc35ddfe04718af1b4453feb2317ca8f64637,1,3,fiocruz_ptd_anexo_de_entregas_assinado_v1_assinado_assinado-1-copia_tarjada.pdf,https://www.gov.br/governodigital/pt-br/estrategias-e-governanca-digital/planos-de-transformacao-digital/ptds-vigentes/fiocruz_ptd_anexo_de_entregas_assinado_v1_assinado_assinado-1-copia_tarjada.pdf,FIOCRUZ,2,Solicitar treinamento especializado em leishmania - Fiocruz IOC/RJ | Disponibilização emAcessoDigital | Serviços Digitais e Melhoria da Qualidade | PR/CQuali | 31/12/2024 | 30/07/2025,sem_produto,Solicitar treinamento especializado em leishmania - Fiocruz IOC/RJ | Disponibilização emAcessoDigital | Serviços Digitais e Melhoria da Qualidade | PR/CQuali | 31/12/2024 | 30/07/2025,,1,
88995e9705ca1c953b2f6405bc3dc35ddfe04718af1b4453feb2317ca8f64637,1,4,fiocruz_ptd_anexo_de_entregas_assinado_v1_assinado_assinado-1-copia_tarjada.pdf,https://www.gov.br/governodigital/pt-br/estrategias-e-governanca-digital/planos-de-transformacao-digital/ptds-vigentes/fiocruz_ptd_anexo_de_entregas_assinado_v1_assinado_assinado-1-copia_tarjada.pdf,FIOCRUZ,2,Solicitar caracterização taxonômica de leishmania - Fiocruz IOC/RJ | Disponibilização emAcessoDigital | Serviços Digitais e Melhoria da Qualidade | PR/CQuali | 31/12/2024 | 30/07/2025,sem_produto,Solicitar caracterização taxonômica de leishmania - Fiocruz IOC/RJ | Disponibilização emAcessoDigital | Serviços Digitais e Melhoria da Qualidade | PR/CQuali | 31/12/2024 | 30/07/2025,,1,
88995e9705ca1c953b2f6405bc3dc35ddfe04718af1b4453feb2317ca8f64637,1,5,fiocruz_ptd_anexo_de_entregas_assinado_v1_assinado_assinado-1-copia_tarjada.pdf,https://www.gov.br/governodigital/pt-br/estrategias-e-governanca-digital/planos-de-transformacao-digital/ptds-vigentes/fiocruz_ptd_anexo_de_entregas_assinado_v1_assinado_assinado-1-copia_tarjada.pdf,FIOCRUZ,2,Solicitar assessoria e consultoria no diagnóstico ambiental (reservatórios) em doença de Chagas - Fiocruz IOC/RJ | Disponibilização emAcessoDigital | Serviços Digitais e Melhoria da Qualidade | PR/CQuali | 31/12/2024 | 31/07/2025,sem_produto,Solicitar assessoria e consultoria no diagnóstico ambiental (reservatórios) em doença de Chagas - Fiocruz IOC/RJ | Disponibilização emAcessoDigital | Serviços Digitais e Melhoria da Qualidade | PR/CQuali | 31/12/2024 | 31/07/2025,,1,
88995e9705ca1c953b2f6405bc3dc35ddfe04718af1b4453feb2317ca8f64637,1,6,fiocruz_ptd_anexo_de_entregas_assinado_v1_assinado_assinado-1-copia_tarjada.pdf,https://www.gov.br/governodigital/pt-br/estrategias-e-governanca-digital/planos-de-transformacao-digital/ptds-vigentes/fiocruz_ptd_anexo_de_entregas_assinado_v1_assinado_assinado-1-copia_tarjada.pdf,FIOCRUZ,2,Solicitar treinamento em genotipagem da resistência do HIV-1 aos antirretrovirais - Fiocruz IOC/RJ | Disponibilização emAcessoDigital | Serviços Digitais e Melhoria da Qualidade | PR/CQuali | 31/12/2024 | 31/08/2025,sem_produto,Solicitar treinamento em genotipagem da resistência do HIV-1 aos antirretrovirais - Fiocruz IOC/RJ | Disponibilização emAcessoDigital | Serviços Digitais e Melhoria da Qualidade | PR/CQuali | 31/12/2024 | 31/08/2025,,1,
88995e9705ca1c953b2f6405bc3dc35ddfe04718af1b4453feb2317ca8f64637,1,7,fiocruz_ptd_anexo_de_entregas_assinado_v1_assinado_assinado-1-copia_tarjada.pdf,https://www.gov.br/governodigital/pt-br/estrategias-e-governanca-digital/planos-de-transformacao-digital/ptds-vigentes/fiocruz_ptd_anexo_de_entregas_assinado_v1_assinado_assinado-1-copia_tarjada.pdf,FIOCRUZ,2,Solicitar assessoria técnico-científica em genotipagem do HIV-1 - Fiocruz IOC/RJ | Disponibilização emAcessoDigital | Serviços Digitais e Melhoria da Qualidade | PR/CQuali | 31/12/2024 | 31/08/2025,sem_produto,Solicitar assessoria técnico-científica em genotipagem do HIV-1 - Fiocruz IOC/RJ | Disponibilização emAcessoDigital | Serviços Digitais e Melhoria da Qualidade | PR/CQuali | 31/12/2024 | 31/08/2025,,1,
88995e9705ca1c953b2f6405bc3dc35ddfe04718af1b4453feb2317ca8f64637,1,8,fiocruz_ptd_anexo_de_entregas_assinado_v1_assinado_assinado-1-copia_tarjada.pdf,https://www.gov.br/governodigital/pt-br/estrategias-e-governanca-digital/planos-de-transformacao-digital/ptds-vigentes/fiocruz_ptd_anexo_de_entregas_assinado_v1_assinado_assinado-1-copia_tarjada.pdf,FIOCRUZ,2,Solicitar diagnósticos de referência em Investigação de febre maculosa (ambiente e vetores) Fiocruz IOC/RJ | - Disponibilização emAcessoDigital | Serviços Digitais e Melhoria da Qualidade | PR/CQuali | 31/12/2024 | 30/09/2025,sem_produto,Solicitar diagnósticos de referência em Investigação de febre maculosa (ambiente e vetores) Fiocruz IOC/RJ | - Disponibilização emAcessoDigital | Serviços Digitais e Melhoria da Qualidade | PR/CQuali | 31/12/2024 | 30/09/2025,,1,
88995e9705ca1c953b2f6405bc3dc35ddfe04718af1b4453feb2317ca8f64637,1,9,fiocruz_ptd_anexo_de_entregas_assinado_v1_assinado_assinado-1-copia_tarjada.pdf,https://www.gov.br/governodigital/pt-br/estrategias-e-governanca-digital/planos-de-transformacao-digital/ptds-vigentes/fiocruz_ptd_anexo_de_entregas_assinado_v1_assinado_assinado-1-copia_tarjada.pdf,FIOCRUZ,2,Solicitar identificação de 'barbeiros' e outros percevejos (predadores e de cama) enviados pelo cidadão - Fiocruz IOC/RJ | Disponibilização emAcessoDigital | Serviços Digitais e Melhoria da Qualidade | PR/CQuali | 31/12/2024 | 30/09/2025,sem_produto,Solicitar identificação de 'barbeiros' e outros percevejos (predadores e de cama) enviados pelo cidadão - Fiocruz IOC/RJ | Disponibilização emAcessoDigital | Serviços Digitais e Melhoria da Qualidade | PR/CQuali | 31/12/2024 | 30/09/2025,,1,
88995e9705ca1c953b2f6405bc3dc35ddfe04718af1b4453feb2317ca8f64637,1,10,fiocruz_ptd_anexo_de_entregas_assinado_v1_assinado_assinado-1-copia_tarjada.pdf,https://www.gov.br/governodigital/pt-br/estrategias-e-governanca-digital/planos-de-transformacao-digital/ptds-vigentes/fiocruz_ptd_anexo_de_entregas_assinado_v1_assinado_assinado-1-copia_tarjada.pdf,FIOCRUZ,2,Solicitar treinamento em diagnóstico de referência para leptospirose - Fiocruz IOC/RJ | Disponibilização emAcessoDigital | Serviços Digitais e Melhoria da Qualidade | PR/CQuali | 31/12/2024 | 30/10/2025,sem_produto,Solicitar treinamento em diagnóstico de referência para leptospirose - Fiocruz IOC/RJ | Disponibilização emAcessoDigital | Serviços Digitais e Melhoria da Qualidade | PR/CQuali | 31/12/2024 | 30/10/2025,,1,
88995e9705ca1c953b2f6405bc3dc35ddfe04718af1b4453feb2317ca8f64637,1,11,fiocruz_ptd_anexo_de_entregas_assinado_v1_assinado_assinado-1-copia_tarjada.pdf,https://www.gov.br/governodigital/pt-br/estrategias-e-governanca-digital/planos-de-transformacao-digital/ptds-vigentes/fiocruz_ptd_anexo_de_entregas_assinado_v1_assinado_assinado-1-copia_tarjada.pdf,FIOCRUZ,2,"Solicitar treinamento na identificação e isolamento de bactérias do gênero ""Bacillus"" e gêneros correlatos - Fiocruz IOC/RJ | Disponibilização emAcessoDigital | Serviços Digitais e Melhoria da Qualidade | PR/CQuali | 31/12/2024 | 31/10/2025",sem_produto,"Solicitar treinamento na identificação e isolamento de bactérias do gênero ""Bacillus"" e gêneros correlatos - Fiocruz IOC/RJ | Disponibilização emAcessoDigital | Serviços Digitais e Melhoria da Qualidade | PR/CQuali | 31/12/2024 | 31/10/2025",,1,
88995e9705ca1c953b2f6405bc3dc35ddfe04718af1b4453feb2317ca8f64637,1,12,fiocruz_ptd_anexo_de_entregas_assinado_v1_assinado_assinado-1-copia_tarjada.pdf,https://www.gov.br/governodigital/pt-br/estrategias-e-governanca-digital/planos-de-transformacao-digital/ptds-vigentes/fiocruz_ptd_anexo_de_entregas_assinado_v1_assinado_assinado-1-copia_tarjada.pdf,FIOCRUZ,2,Solicitar consultoria em estudos taxonômicos de microrganismos do gênero Leishmania - Fiocruz IOC/RJ | Disponibilização emAcessoDigital | Serviços Digitais e Melhoria da Qualidade | PR/CQuali | 31/12/2024 | 30/11/2025,sem_produto,Solicitar consultoria em estudos taxonômicos de microrganismos do gênero Leishmania - Fiocruz IOC/RJ | Disponibilização emAcessoDigital | Serviços Digitais e Melhoria da Qualidade | PR/CQuali | 31/12/2024 | 30/11/2025,,1,
88995e9705ca1c953b2f6405bc3dc35ddfe04718af1b4453feb2317ca8f64637,1,13,fiocruz_ptd_anexo_de_entregas_assinado_v1_assinado_assinado-1-copia_tarjada.pdf,https://www.gov.br/governodigital/pt-br/estrategias-e-governanca-digital/planos-de-transformacao-digital/ptds-vigentes/fiocruz_ptd_anexo_de_entregas_assinado_v1_assinado_assinado-1-copia_tarjada.pdf,FIOCRUZ,2,Solicitar a identificação taxonômica de flebotomíneos e/ou a detecção de Leishmania spp. em flebotomíneos - Fiocruz/MG | Disponibilização emAcessoDigital | Serviços Digitais e Melhoria da Qualidade | PR/CQuali | 31/12/2024 | 31/12/2025,sem_produto,Solicitar a identificação taxonômica de flebotomíneos e/ou a detecção de Leishmania spp. em flebotomíneos - Fiocruz/MG | Disponibilização emAcessoDigital | Serviços Digitais e Melhoria da Qualidade | PR/CQuali | 31/12/2024 | 31/12/2025,,1,
88995e9705ca1c953b2f6405bc3dc35ddfe04718af1b4453feb2317ca8f64637,1,14,fiocruz_ptd_anexo_de_entregas_assinado_v1_assinado_assinado-1-copia_tarjada.pdf,https://www.gov.br/governodigital/pt-br/estrategias-e-governanca-digital/planos-de-transformacao-digital/ptds-vigentes/fiocruz_ptd_anexo_de_entregas_assinado_v1_assinado_assinado-1-copia_tarjada.pdf,FIOCRUZ,2,Solicitar exame e identificação de moluscos Biomphalaria (caramujos/esquistossomose) - Fiocruz/MG | Disponibilização emAcessoDigital | Serviços Digitais e Melhoria da Qualidade | PR/CQuali | 31/12/2024 | 31/12/2025,sem_produto,Solicitar exame e identificação de moluscos Biomphalaria (caramujos/esquistossomose) - Fiocruz/MG | Disponibilização emAcessoDigital | Serviços Digitais e Melhoria da Qualidade | PR/CQuali | 31/12/2024 | 31/12/2025,,1,
88995e9705ca1c953b2f6405bc3dc35ddfe04718af1b4453feb2317ca8f64637,1,15,fiocruz_ptd_anexo_de_entregas_assinado_v1_assinado_assinado-1-copia_tarjada.pdf,https://www.gov.br/governodigital/pt-br/estrategias-e-governanca-digital/planos-de-transformacao-digital/ptds-vigentes/fiocruz_ptd_anexo_de_entregas_assinado_v1_assinado_assinado-1-copia_tarjada.pdf,FIOCRUZ,2,Solicitar identificação de referência de triatomíneos (barbeiros) - Fiocruz/MG | Disponibilização emAcessoDigital | Serviços Digitais e Melhoria da Qualidade | PR/CQuali | 31/12/2024 | 31/12/2025,sem_produto,Solicitar identificação de referência de triatomíneos (barbeiros) - Fiocruz/MG | Disponibilização emAcessoDigital | Serviços Digitais e Melhoria da Qualidade | PR/CQuali | 31/12/2024 | 31/12/2025,,1,
88995e9705ca1c953b2f6405bc3dc35ddfe04718af1b4453feb2317ca8f64637,1,16,fiocruz_ptd_anexo_de_entregas_assinado_v1_assinado_assinado-1-copia_tarjada.pdf,https://www.gov.br/governodigital/pt-br/estrategias-e-governanca-digital/planos-de-transformacao-digital/ptds-vigentes/fiocruz_ptd_anexo_de_entregas_assinado_v1_assinado_assinado-1-copia_tarjada.pdf,FIOCRUZ,2,Solicitar diagnóstico de referência em citomegalovírus - Fiocruz IOC/RJ | Disponibilização emAcessoDigital | Serviços Digitais e Melhoria da Qualidade | PR/CQuali | 31/12/2024 | 31/12/2025,sem_produto,Solicitar diagnóstico de referência em citomegalovírus - Fiocruz IOC/RJ | Disponibilização emAcessoDigital | Serviços Digitais e Melhoria da Qualidade | PR/CQuali | 31/12/2024 | 31/12/2025,,1,
88995e9705ca1c953b2f6405bc3dc35ddfe04718af1b4453feb2317ca8f64637,1,17,fiocruz_ptd_anexo_de_entregas_assinado_v1_assinado_assinado-1-copia_tarjada.pdf,https://www.gov.br/governodigital/pt-br/estrategias-e-governanca-digital/planos-de-transformacao-digital/ptds-vigentes/fiocruz_ptd_anexo_de_entregas_assinado_v1_assinado_assinado-1-copia_tarjada.pdf,FIOCRUZ,2,Solicitar assessoria/consultoria em arboviroses - Fiocruz IOC/RJ | Disponibilização emAcessoDigital | Serviços Digitais e Melhoria da Qualidade | PR/CQuali | 31/12/2024 | 31/01/2026,sem_produto,Solicitar assessoria/consultoria em arboviroses - Fiocruz IOC/RJ | Disponibilização emAcessoDigital | Serviços Digitais e Melhoria da Qualidade | PR/CQuali | 31/12/2024 | 31/01/2026,,1,
88995e9705ca1c953b2f6405bc3dc35ddfe04718af1b4453feb2317ca8f64637,1,18,fiocruz_ptd_anexo_de_entregas_assinado_v1_assinado_assinado-1-copia_tarjada.pdf,https://www.gov.br/governodigital/pt-br/estrategias-e-governanca-digital/planos-de-transformacao-digital/ptds-vigentes/fiocruz_ptd_anexo_de_entregas_assinado_v1_assinado_assinado-1-copia_tarjada.pdf,FIOCRUZ,2,Solicitar assessoria/consultoria em Malacologia Médica e Aplicada - Fiocruz IOC/RJ | Disponibilização emAcessoDigital | Serviços Digitais e Melhoria da Qualidade | PR/CQuali | 31/12/2024 | 28/02/2026,sem_produto,Solicitar assessoria/consultoria em Malacologia Médica e Aplicada - Fiocruz IOC/RJ | Disponibilização emAcessoDigital | Serviços Digitais e Melhoria da Qualidade | PR/CQuali | 31/12/2024 | 28/02/2026,,1,
88995e9705ca1c953b2f6405bc3dc35ddfe04718af1b4453feb2317ca8f64637,1,19,fiocruz_ptd_anexo_de_entregas_assinado_v1_assinado_assinado-1-copia_tarjada.pdf,https://www.gov.br/governodigital/pt-br/estrategias-e-governanca-digital/planos-de-transformacao-digital/ptds-vigentes/fiocruz_ptd_anexo_de_entregas_assinado_v1_assinado_assinado-1-copia_tarjada.pdf,FIOCRUZ,2,Solicitar capacitação em Hidatidose - Fiocruz IOC/RJ | Disponibilização emAcessoDigital | Serviços Digitais e Melhoria da Qualidade | PR/CQuali | 31/12/2024 | 31/03/2026,sem_produto,Solicitar capacitação em Hidatidose - Fiocruz IOC/RJ | Disponibilização emAcessoDigital | Serviços Digitais e Melhoria da Qualidade | PR/CQuali | 31/12/2024 | 31/03/2026,,1,
88995e9705ca1c953b2f6405bc3dc35ddfe04718af1b4453feb2317ca8f64637,2,0,fiocruz_ptd_anexo_de_entregas_assinado_v1_assinado_assinado-1-copia_tarjada.pdf,https://www.gov.br/governodigital/pt-br/estrategias-e-governanca-digital/planos-de-transformacao-digital/ptds-vigentes/fiocruz_ptd_anexo_de_entregas_assinado_v1_assinado_assinado-1-copia_tarjada.pdf,FIOCRUZ,3,Solicitar assessoria e consultoria em Hidatidose - Fiocruz IOC/RJ | Disponibilização emAcessoDigital | Serviços Digitais e Melhoria da Qualidade | PR/CQuali | 31/12/2024 | 30/04/2026,sem_produto,Solicitar assessoria e consultoria em Hidatidose - Fiocruz IOC/RJ | Disponibilização emAcessoDigital | Serviços Digitais e Melhoria da Qualidade | PR/CQuali | 31/12/2024 | 30/04/2026,,1,
88995e9705ca1c953b2f6405bc3dc35ddfe04718af1b4453feb2317ca8f64637,2,1,fiocruz_ptd_anexo_de_entregas_assinado_v1_assinado_assinado-1-copia_tarjada.pdf,https://www.gov.br/governodigital/pt-br/estrategias-e-governanca-digital/planos-de-transformacao-digital/ptds-vigentes/fiocruz_ptd_anexo_de_entregas_assinado_v1_assinado_assinado-1-copia_tarjada.pdf,FIOCRUZ,3,Solicitar serviço de assessoria e consultoria técnica em rickettsiose e outras doenças transmitidas por carrapatos (ambiente e vetores) - Fiocruz IOC/RJ | Disponibilização emAcessoDigital | Serviços Digitais e Melhoria da Qualidade | PR/CQuali | 31/12/2024 | 31/05/2026,sem_produto,Solicitar serviço de assessoria e consultoria técnica em rickettsiose e outras doenças transmitidas por carrapatos (ambiente e vetores) - Fiocruz IOC/RJ | Disponibilização emAcessoDigital | Serviços Digitais e Melhoria da Qualidade | PR/CQuali | 31/12/2024 | 31/05/2026,,1,
88995e9705ca1c953b2f6405bc3dc35ddfe04718af1b4453feb2317ca8f64637,2,2,fiocruz_ptd_anexo_de_entregas_assinado_v1_assinado_assinado-1-copia_tarjada.pdf,https://www.gov.br/governodigital/pt-br/estrategias-e-governanca-digital/planos-de-transformacao-digital/ptds-vigentes/fiocruz_ptd_anexo_de_entregas_assinado_v1_assinado_assinado-1-copia_tarjada.pdf,FIOCRUZ,3,Solicitar serviço de capacitação e treinamento técnico de profissionais e equipes em ricketisiose e outras doenças transmitidas por carrapatos (ambiente e vetores) - Fiocruz IOC/RJ | Disponibilização emAcessoDigital | Serviços Digitais e Melhoria da Qualidade | PR/CQuali | 31/12/2024 | 30/06/2026,sem_produto,Solicitar serviço de capacitação e treinamento técnico de profissionais e equipes em ricketisiose e outras doenças transmitidas por carrapatos (ambiente e vetores) - Fiocruz IOC/RJ | Disponibilização emAcessoDigital | Serviços Digitais e Melhoria da Qualidade | PR/CQuali | 31/12/2024 | 30/06/2026,,1,
88995e9705ca1c953b2f6405bc3dc35ddfe04718af1b4453feb2317ca8f64637,2,3,fiocruz_ptd_anexo_de_entregas_assinado_v1_assinado_assinado-1-copia_tarjada.pdf,https://www.gov.br/governodigital/pt-br/estrategias-e-governanca-digital/planos-de-transformacao-digital/ptds-vigentes/fiocruz_ptd_anexo_de_entregas_assinado_v1_assinado_assinado-1-copia_tarjada.pdf,FIOCRUZ,3,Solicitar diagnóstico de referência para febre maculosa em população humana - Fiocruz IOC/RJ | Disponibilização emAcessoDigital | Serviços Digitais e Melhoria da Qualidade | PR/CQuali | 31/12/2024 | 31/07/2026,sem_produto,Solicitar diagnóstico de referência para febre maculosa em população humana - Fiocruz IOC/RJ | Disponibilização emAcessoDigital | Serviços Digitais e Melhoria da Qualidade | PR/CQuali | 31/12/2024 | 31/07/2026,,1,
88995e9705ca1c953b2f6405bc3dc35ddfe04718af1b4453feb2317ca8f64637,2,4,fiocruz_ptd_anexo_de_entregas_assinado_v1_assinado_assinado-1-copia_tarjada.pdf,https://www.gov.br/governodigital/pt-br/estrategias-e-governanca-digital/planos-de-transformacao-digital/ptds-vigentes/fiocruz_ptd_anexo_de_entregas_assinado_v1_assinado_assinado-1-copia_tarjada.pdf,FIOCRUZ,3,Solicitar diagnóstico de referência para febre maculosa em população de animais vertebrados domésticos e silvestres - Fiocruz IOC/RJ | Disponibilização emAcessoDigital | Serviços Digitais e Melhoria da Qualidade | PR/CQuali | 31/12/2024 | 31/08/2026,sem_produto,Solicitar diagnóstico de referência para febre maculosa em população de animais vertebrados domésticos e silvestres - Fiocruz IOC/RJ | Disponibilização emAcessoDigital | Serviços Digitais e Melhoria da Qualidade | PR/CQuali | 31/12/2024 | 31/08/2026,,1,
88995e9705ca1c953b2f6405bc3dc35ddfe04718af1b4453feb2317ca8f64637,2,5,fiocruz_ptd_anexo_de_entregas_assinado_v1_assinado_assinado-1-copia_tarjada.pdf,https://www.gov.br/governodigital/pt-br/estrategias-e-governanca-digital/planos-de-transformacao-digital/ptds-vigentes/fiocruz_ptd_anexo_de_entregas_assinado_v1_assinado_assinado-1-copia_tarjada.pdf,FIOCRUZ,3,Solicitar identificação e diagnóstico em culicídeos vetores de malária na região extra- Amazonica - Fiocruz IOC/RJ | Disponibilização emAcessoDigital | Serviços Digitais e Melhoria da Qualidade | PR/CQuali | 31/12/2024 | 30/09/2026,sem_produto,Solicitar identificação e diagnóstico em culicídeos vetores de malária na região extra- Amazonica - Fiocruz IOC/RJ | Disponibilização emAcessoDigital | Serviços Digitais e Melhoria da Qualidade | PR/CQuali | 31/12/2024 | 30/09/2026,,1,
88995e9705ca1c953b2f6405bc3dc35ddfe04718af1b4453feb2317ca8f64637,2,6,fiocruz_ptd_anexo_de_entregas_assinado_v1_assinado_assinado-1-copia_tarjada.pdf,https://www.gov.br/governodigital/pt-br/estrategias-e-governanca-digital/planos-de-transformacao-digital/ptds-vigentes/fiocruz_ptd_anexo_de_entregas_assinado_v1_assinado_assinado-1-copia_tarjada.pdf,FIOCRUZ,3,Solicitar capacitação e treinamento em Malacologia Médica e Aplicada - Fiocruz IOC/RJ | Disponibilização emAcessoDigital | Serviços Digitais e Melhoria da Qualidade | PR/CQuali | 31/12/2024 | 31/10/2026,sem_produto,Solicitar capacitação e treinamento em Malacologia Médica e Aplicada - Fiocruz IOC/RJ | Disponibilização emAcessoDigital | Serviços Digitais e Melhoria da Qualidade | PR/CQuali | 31/12/2024 | 31/10/2026,,1,
88995e9705ca1c953b2f6405bc3dc35ddfe04718af1b4453feb2317ca8f64637,2,7,fiocruz_ptd_anexo_de_entregas_assinado_v1_assinado_assinado-1-copia_tarjada.pdf,https://www.gov.br/governodigital/pt-br/estrategias-e-governanca-digital/planos-de-transformacao-digital/ptds-vigentes/fiocruz_ptd_anexo_de_entregas_assinado_v1_assinado_assinado-1-copia_tarjada.pdf,FIOCRUZ,3,Solicitar diagnóstico molecular de genotipagem do HIV-1 Fiocruz IOC/RJ | Disponibilização emAcessoDigital | Serviços Digitais e Melhoria da Qualidade | PR/CQuali | 31/12/2024 | 30/11/2026,sem_produto,Solicitar diagnóstico molecular de genotipagem do HIV-1 Fiocruz IOC/RJ | Disponibilização emAcessoDigital | Serviços Digitais e Melhoria da Qualidade | PR/CQuali | 31/12/2024 | 30/11/2026,,1,
88995e9705ca1c953b2f6405bc3dc35ddfe04718af1b4453feb2317ca8f64637,2,8,fiocruz_ptd_anexo_de_entregas_assinado_v1_assinado_assinado-1-copia_tarjada.pdf,https://www.gov.br/governodigital/pt-br/estrategias-e-governanca-digital/planos-de-transformacao-digital/ptds-vigentes/fiocruz_ptd_anexo_de_entregas_assinado_v1_assinado_assinado-1-copia_tarjada.pdf,FIOCRUZ,3,Solicitar fornecimento de amostra padrão de vírus associados à diarréia aguda - Fiocruz IOC/RJ | Disponibilização emAcessoDigital | Serviços Digitais e Melhoria da Qualidade | PR/CQuali | 31/12/2024 | 31/12/2026,sem_produto,Solicitar fornecimento de amostra padrão de vírus associados à diarréia aguda - Fiocruz IOC/RJ | Disponibilização emAcessoDigital | Serviços Digitais e Melhoria da Qualidade | PR/CQuali | 31/12/2024 | 31/12/2026,,1,
88995e9705ca1c953b2f6405bc3dc35ddfe04718af1b4453feb2317ca8f64637,2,9,fiocruz_ptd_anexo_de_entregas_assinado_v1_assinado_assinado-1-copia_tarjada.pdf,https://www.gov.br/governodigital/pt-br/estrategias-e-governanca-digital/planos-de-transformacao-digital/ptds-vigentes/fiocruz_ptd_anexo_de_entregas_assinado_v1_assinado_assinado-1-copia_tarjada.pdf,FIOCRUZ,3,Solicitar assessoria/consultoria em metodologias de diagnóstico e caracterização molecular de vírus associados a diarréia aguda - Fiocruz IOC/RJ | Disponibilização emAcessoDigital | Serviços Digitais e Melhoria da Qualidade | PR/CQuali | 31/12/2024 | 31/12/2026,sem_produto,Solicitar assessoria/consultoria em metodologias de diagnóstico e caracterização molecular de vírus associados a diarréia aguda - Fiocruz IOC/RJ | Disponibilização emAcessoDigital | Serviços Digitais e Melhoria da Qualidade | PR/CQuali | 31/12/2024 | 31/12/2026,,1,
88995e9705ca1c953b2f6405bc3dc35ddfe04718af1b4453feb2317ca8f64637,2,10,fiocruz_ptd_anexo_de_entregas_assinado_v1_assinado_assinado-1-copia_tarjada.pdf,https://www.gov.br/governodigital/pt-br/estrategias-e-governanca-digital/planos-de-transformacao-digital/ptds-vigentes/fiocruz_ptd_anexo_de_entregas_assinado_v1_assinado_assinado-1-copia_tarjada.pdf,FIOCRUZ,3,Solicitar detecção de vírus para esclarecimento de surtos de doença diarréica aguda associada ao consumo de alimento contaminados - Fiocruz IOC/RJ | Disponibilização emAcessoDigital | Serviços Digitais e Melhoria da Qualidade | PR/CQuali | 31/12/2024 | 31/12/2026,sem_produto,Solicitar detecção de vírus para esclarecimento de surtos de doença diarréica aguda associada ao consumo de alimento contaminados - Fiocruz IOC/RJ | Disponibilização emAcessoDigital | Serviços Digitais e Melhoria da Qualidade | PR/CQuali | 31/12/2024 | 31/12/2026,,1,
88995e9705ca1c953b2f6405bc3dc35ddfe04718af1b4453feb2317ca8f64637,2,11,fiocruz_ptd_anexo_de_entregas_assinado_v1_assinado_assinado-1-copia_tarjada.pdf,https://www.gov.br/governodigital/pt-br/estrategias-e-governanca-digital/planos-de-transformacao-digital/ptds-vigentes/fiocruz_ptd_anexo_de_entregas_assinado_v1_assinado_assinado-1-copia_tarjada.pdf,FIOCRUZ,3,Solicitar detecção de vírus para esclarecimento de surtos de doença diarréica aguda associada ao consumo de água contaminada - Fiocruz IOC/RJ | Disponibilização emAcessoDigital | Serviços Digitais e Melhoria da Qualidade | PR/CQuali | 31/12/2024 | 31/12/2026,sem_produto,Solicitar detecção de vírus para esclarecimento de surtos de doença diarréica aguda associada ao consumo de água contaminada - Fiocruz IOC/RJ | Disponibilização emAcessoDigital | Serviços Digitais e Melhoria da Qualidade | PR/CQuali | 31/12/2024 | 31/12/2026,,1,
88995e9705ca1c953b2f6405bc3dc35ddfe04718af1b4453feb2317ca8f64637,2,12,fiocruz_ptd_anexo_de_entregas_assinado_v1_assinado_assinado-1-copia_tarjada.pdf,https://www.gov.br/governodigital/pt-br/estrategias-e-governanca-digital/planos-de-transformacao-digital/ptds-vigentes/fiocruz_ptd_anexo_de_entregas_assinado_v1_assinado_assinado-1-copia_tarjada.pdf,FIOCRUZ,3,Solicitar treinamento e capacitação para diagnóstico de vírus associados à diarréia aguda - Fiocruz IOC/RJ | Disponibilização emAcessoDigital | Serviços Digitais e Melhoria da Qualidade | PR/CQuali | 31/12/2024 | 31/12/2026,sem_produto,Solicitar treinamento e capacitação para diagnóstico de vírus associados à diarréia aguda - Fiocruz IOC/RJ | Disponibilização emAcessoDigital | Serviços Digitais e Melhoria da Qualidade | PR/CQuali | 31/12/2024 | 31/12/2026,,1,
88995e9705ca1c953b2f6405bc3dc35ddfe04718af1b4453feb2317ca8f64637,2,13,fiocruz_ptd_anexo_de_entregas_assinado_v1_assinado_assinado-1-copia_tarjada.pdf,https://www.gov.br/governodigital/pt-br/estrategias-e-governanca-digital/planos-de-transformacao-digital/ptds-vigentes/fiocruz_ptd_anexo_de_entregas_assinado_v1_assinado_assinado-1-copia_tarjada.pdf,FIOCRUZ,3,Solicitar Diagnóstico de referência em Herpesvírus (Tipos 1 e 2) - Fiocruz IOC/RJ | Disponibilização emAcessoDigital | Serviços Digitais e Melhoria da Qualidade | PR/CQuali | 31/12/2024 | 31/12/2026,sem_produto,Solicitar Diagnóstico de referência em Herpesvírus (Tipos 1 e 2) - Fiocruz IOC/RJ | Disponibilização emAcessoDigital | Serviços Digitais e Melhoria da Qualidade | PR/CQuali | 31/12/2024 | 31/12/2026,,1,
88995e9705ca1c953b2f6405bc3dc35ddfe04718af1b4453feb2317ca8f64637,3,1,fiocruz_ptd_anexo_de_entregas_assinado_v1_assinado_assinado-1-copia_tarjada.pdf,https://www.gov.br/governodigital/pt-br/estrategias-e-governanca-digital/planos-de-transformacao-digital/ptds-vigentes/fiocruz_ptd_anexo_de_entregas_assinado_v1_assinado_assinado-1-copia_tarjada.pdf,FIOCRUZ,4,"PPSI Ciclo 7 | Auto-avaliação, análise de lacunas planejamento do PPSI | Segurança e Privacidade | PR/COGETIC/PPD | 31/12/2024 | 01/07/2026",sem_produto,"PPSI Ciclo 7 | Auto-avaliação, análise de lacunas planejamento do PPSI | Segurança e Privacidade | PR/COGETIC/PPD | 31/12/2024 | 01/07/2026",,4,
88995e9705ca1c953b2f6405bc3dc35ddfe04718af1b4453feb2317ca8f64637,3,3,fiocruz_ptd_anexo_de_entregas_assinado_v1_assinado_assinado-1-copia_tarjada.pdf,https://www.gov.br/governodigital/pt-br/estrategias-e-governanca-digital/planos-de-transformacao-digital/ptds-vigentes/fiocruz_ptd_anexo_de_entregas_assinado_v1_assinado_assinado-1-copia_tarjada.pdf,FIOCRUZ,4,Posso ajudar emalgo mais? Aprimoramento do uso do chatbot na comunicação comocidadão | Outros | Projetos Especiais | PR/Ouvidoria | 31/12/2024 | 31/08/2026,sem_produto,Posso ajudar emalgo mais? Aprimoramento do uso do chatbot na comunicação comocidadão | Outros | Projetos Especiais | PR/Ouvidoria | 31/12/2024 | 31/08/2026,,1,
88995e9705ca1c953b2f6405bc3dc35ddfe04718af1b4453feb2317ca8f64637,3,4,fiocruz_ptd_anexo_de_entregas_assinado_v1_assinado_assinado-1-copia_tarjada.pdf,https://www.gov.br/governodigital/pt-br/estrategias-e-governanca-digital/planos-de-transformacao-digital/ptds-vigentes/fiocruz_ptd_anexo_de_entregas_assinado_v1_assinado_assinado-1-copia_tarjada.pdf,FIOCRUZ,4,Melhorando a qualidade do atendimento ao cidadão no guia de serviços da Fiocruz: uso do chatbot cominteligência artificial para atendimento imediato | Outros | Projetos Especiais | Icict | 31/12/2024 | 31/08/2025,sem_produto,Melhorando a qualidade do atendimento ao cidadão no guia de serviços da Fiocruz: uso do chatbot cominteligência artificial para atendimento imediato | Outros | Projetos Especiais | Icict | 31/12/2024 | 31/08/2025,,1,
601e35c45da7d3848d5fa901d606b7c85f6d7150c586a85beb1373a11f18d4de,0,0,funai_anexo_de_entregas_repactuado_2026_2027_assinado_assinado_assinado.pdf,https://www.gov.br/governodigital/pt-br/estrategias-e-governanca-digital/planos-de-transformacao-digital/ptds-vigentes/funai_anexo_de_entregas_repactuado_2026_2027_assinado_assinado_assinado.pdf,FUNAI,1,[Consultar documentos do acervo arquivístico da [Fundação Nacional dos Povos Indígenas; | Disponibilidade em acesso digital | Serviços Digitais e [Melhoria da Qualidade * | [Coordenação-Geral [de Tecnologia da |Informação (CGTI) | jun-26,sem_produto,[Consultar documentos do acervo arquivístico da [Fundação Nacional dos Povos Indígenas; | Disponibilidade em acesso digital | Serviços Digitais e [Melhoria da Qualidade * | [Coordenação-Geral [de Tecnologia da |Informação (CGTI) | jun-26,,1,
601e35c45da7d3848d5fa901d606b7c85f6d7150c586a85beb1373a11f18d4de,0,2,funai_anexo_de_entregas_repactuado_2026_2027_assinado_assinado_assinado.pdf,https://www.gov.br/governodigital/pt-br/estrategias-e-governanca-digital/planos-de-transformacao-digital/ptds-vigentes/funai_anexo_de_entregas_repactuado_2026_2027_assinado_assinado_assinado.pdf,FUNAI,1,[Emitir Certidão de Exercício de Atividade Rural - CEAR; | Disponibilidade em acesso digital | Serviços Digitais e [Melhoria da Qualidade * | [Coordenação-Geral [de Tecnologia da |Informação (CGTI) | dez-26,sem_produto,[Emitir Certidão de Exercício de Atividade Rural - CEAR; | Disponibilidade em acesso digital | Serviços Digitais e [Melhoria da Qualidade * | [Coordenação-Geral [de Tecnologia da |Informação (CGTI) | dez-26,,1,
601e35c45da7d3848d5fa901d606b7c85f6d7150c586a85beb1373a11f18d4de,0,4,funai_anexo_de_entregas_repactuado_2026_2027_assinado_assinado_assinado.pdf,https://www.gov.br/governodigital/pt-br/estrategias-e-governanca-digital/planos-de-transformacao-digital/ptds-vigentes/funai_anexo_de_entregas_repactuado_2026_2027_assinado_assinado_assinado.pdf,FUNAI,1,Solicitar o empréstimo de itens do acervo museológico Ido MNPI | [Disponibilidade em acesso digital | Serviços Digitais e |Melhoria da Qualidade * | [Coordenação-Geral de Tecnologia da linformação (CGTI) | jun-26,sem_produto,Solicitar o empréstimo de itens do acervo museológico Ido MNPI | [Disponibilidade em acesso digital | Serviços Digitais e |Melhoria da Qualidade * | [Coordenação-Geral de Tecnologia da linformação (CGTI) | jun-26,,1,
601e35c45da7d3848d5fa901d606b7c85f6d7150c586a85beb1373a11f18d4de,0,6,funai_anexo_de_entregas_repactuado_2026_2027_assinado_assinado_assinado.pdf,https://www.gov.br/governodigital/pt-br/estrategias-e-governanca-digital/planos-de-transformacao-digital/ptds-vigentes/funai_anexo_de_entregas_repactuado_2026_2027_assinado_assinado_assinado.pdf,FUNAI,1,Solicitar análise e emissão de Declaração de [Reconhecimento de Limite | Disponibilidade em acesso digital | Serviços Digitais e [Melhoria da Qualidade | [Coordenação-Geral [de Tecnologia da |Informação (CGTI) | dez-27,sem_produto,Solicitar análise e emissão de Declaração de [Reconhecimento de Limite | Disponibilidade em acesso digital | Serviços Digitais e [Melhoria da Qualidade | [Coordenação-Geral [de Tecnologia da |Informação (CGTI) | dez-27,,1,
601e35c45da7d3848d5fa901d606b7c85f6d7150c586a85beb1373a11f18d4de,0,8,funai_anexo_de_entregas_repactuado_2026_2027_assinado_assinado_assinado.pdf,https://www.gov.br/governodigital/pt-br/estrategias-e-governanca-digital/planos-de-transformacao-digital/ptds-vigentes/funai_anexo_de_entregas_repactuado_2026_2027_assinado_assinado_assinado.pdf,FUNAI,1,fAprovar projetos de visitação turística em Terra Indígena | Disponibilidade em acesso digital | Serviços Digitais e |Melhoria da Qualidade * | [Coordenação-Geral de Tecnologia da linformação (CGTI) | jun-27,sem_produto,fAprovar projetos de visitação turística em Terra Indígena | Disponibilidade em acesso digital | Serviços Digitais e |Melhoria da Qualidade * | [Coordenação-Geral de Tecnologia da linformação (CGTI) | jun-27,,1,
601e35c45da7d3848d5fa901d606b7c85f6d7150c586a85beb1373a11f18d4de,0,10,funai_anexo_de_entregas_repactuado_2026_2027_assinado_assinado_assinado.pdf,https://www.gov.br/governodigital/pt-br/estrategias-e-governanca-digital/planos-de-transformacao-digital/ptds-vigentes/funai_anexo_de_entregas_repactuado_2026_2027_assinado_assinado_assinado.pdf,FUNAI,1,Declaração de produtor indígena | Disponibilidade em acesso Idigital | Serviços Digitais e [Melhoria da Qualidade * | [Coordenação-Geral de Tecnologia da linformação (CGTI) | jun-27,sem_produto,Declaração de produtor indígena | Disponibilidade em acesso Idigital | Serviços Digitais e [Melhoria da Qualidade * | [Coordenação-Geral de Tecnologia da linformação (CGTI) | jun-27,,1,
601e35c45da7d3848d5fa901d606b7c85f6d7150c586a85beb1373a11f18d4de,0,12,funai_anexo_de_entregas_repactuado_2026_2027_assinado_assinado_assinado.pdf,https://www.gov.br/governodigital/pt-br/estrategias-e-governanca-digital/planos-de-transformacao-digital/ptds-vigentes/funai_anexo_de_entregas_repactuado_2026_2027_assinado_assinado_assinado.pdf,FUNAI,1,[Solicitar autorização para ingresso em Terra Indígena | Disponibilidade em acesso [digital | Serviços Digitais e lelhoria da Qualidade * | [Coordenação-Geral de Tecnologia da linformação (CGTI | dez-27,sem_produto,[Solicitar autorização para ingresso em Terra Indígena | Disponibilidade em acesso [digital | Serviços Digitais e lelhoria da Qualidade * | [Coordenação-Geral de Tecnologia da linformação (CGTI | dez-27,,1,
601e35c45da7d3848d5fa901d606b7c85f6d7150c586a85beb1373a11f18d4de,0,15,funai_anexo_de_entregas_repactuado_2026_2027_assinado_assinado_assinado.pdf,https://www.gov.br/governodigital/pt-br/estrategias-e-governanca-digital/planos-de-transformacao-digital/ptds-vigentes/funai_anexo_de_entregas_repactuado_2026_2027_assinado_assinado_assinado.pdf,FUNAI,1,"uto-avaliação, análise de lacunas e planejamento do | [Coordenação-Geral | [de Tecnologia da | 27/02/2026",sem_produto,"uto-avaliação, análise de lacunas e planejamento do | [Coordenação-Geral | [de Tecnologia da | 27/02/2026",,1,
601e35c45da7d3848d5fa901d606b7c85f6d7150c586a85beb1373a11f18d4de,0,16,funai_anexo_de_entregas_repactuado_2026_2027_assinado_assinado_assinado.pdf,https://www.gov.br/governodigital/pt-br/estrategias-e-governanca-digital/planos-de-transformacao-digital/ptds-vigentes/funai_anexo_de_entregas_repactuado_2026_2027_assinado_assinado_assinado.pdf,FUNAI,1,PPSI 2.0 Ciclo 2026 PPSI 2.0 Ciclo 2026 | PPSI2.0 Implementação do PPS| 2.0 | Segurança e Privacidade [Segurança Privacidade | |Informação (CGTI) [Coordenação-Geral | [de Tecnologia da |Informação (CGTI | 31/12/2026,sem_produto,PPSI 2.0 Ciclo 2026 PPSI 2.0 Ciclo 2026 | PPSI2.0 Implementação do PPS| 2.0 | Segurança e Privacidade [Segurança Privacidade | |Informação (CGTI) [Coordenação-Geral | [de Tecnologia da |Informação (CGTI | 31/12/2026,,4,
601e35c45da7d3848d5fa901d606b7c85f6d7150c586a85beb1373a11f18d4de,1,0,funai_anexo_de_entregas_repactuado_2026_2027_assinado_assinado_assinado.pdf,https://www.gov.br/governodigital/pt-br/estrategias-e-governanca-digital/planos-de-transformacao-digital/ptds-vigentes/funai_anexo_de_entregas_repactuado_2026_2027_assinado_assinado_assinado.pdf,FUNAI,1,PPSI Ciclo 4 | egurança e Privacidade | [Coordenação-Geral |de Tecnologia da à CGTI Informação - | Concluído,sem_produto,PPSI Ciclo 4 | egurança e Privacidade | [Coordenação-Geral |de Tecnologia da à CGTI Informação - | Concluído,,4,
601e35c45da7d3848d5fa901d606b7c85f6d7150c586a85beb1373a11f18d4de,1,3,funai_anexo_de_entregas_repactuado_2026_2027_assinado_assinado_assinado.pdf,https://www.gov.br/governodigital/pt-br/estrategias-e-governanca-digital/planos-de-transformacao-digital/ptds-vigentes/funai_anexo_de_entregas_repactuado_2026_2027_assinado_assinado_assinado.pdf,FUNAI,1,goubr Documento assinado digitalmente JOENIA BATISTA DE CARVALHO Data: 02/03/2026 17:25:16-0300 Verifique em https:/jvalidar ti gov.br | Assinagoubr | Documento assinado digitalmente MARIANA BRITO Data: 23/03/2026 14:58:26-0300 Verifique em https:/jvalidar iti.gov.br | goubr Documento assinado digitalmente LOYANE DE SOUSA TAVARES Data: 18/03/2026 11:39:20-0300 verifique em https://validar ti. gov.br | goubr Documento assinado digitalmente LOYANE DE SOUSA TAVARES Data: 18/03/2026 11:39:20-0300 verifique em https://validar ti. gov.br,sem_produto,goubr Documento assinado digitalmente JOENIA BATISTA DE CARVALHO Data: 02/03/2026 17:25:16-0300 Verifique em https:/jvalidar ti gov.br | Assinagoubr | Documento assinado digitalmente MARIANA BRITO Data: 23/03/2026 14:58:26-0300 Verifique em https:/jvalidar iti.gov.br | goubr Documento assinado digitalmente LOYANE DE SOUSA TAVARES Data: 18/03/2026 11:39:20-0300 verifique em https://validar ti. gov.br | goubr Documento assinado digitalmente LOYANE DE SOUSA TAVARES Data: 18/03/2026 11:39:20-0300 verifique em https://validar ti. gov.br,,4,
ed1055eeaebe06ba6cf8d81592e1ae9f443635047e9c184a81c7b881efafcfc2,1,1,funai_ptd_2025_2027_docdiretivo_assinado-1_tarjado.pdf,https://www.gov.br/governodigital/pt-br/estrategias-e-governanca-digital/planos-de-transformacao-digital/ptds-vigentes/funai_ptd_2025_2027_docdiretivo_assinado-1_tarjado.pdf,FUNAI,7,Baixa padronização das informações exigidas dos cidadãos dificulta automação | por e-mail Realizar levantamen to | prévio com as áreas; propor campos padronizad os em formulário piloto; submeter à validação da área,sem_produto,Baixa padronização das informações exigidas dos cidadãos dificulta automação | por e-mail Realizar levantamen to | prévio com as áreas; propor campos padronizad os em formulário piloto; submeter à validação da área,,1,
ed1055eeaebe06ba6cf8d81592e1ae9f443635047e9c184a81c7b881efafcfc2,1,2,funai_ptd_2025_2027_docdiretivo_assinado-1_tarjado.pdf,https://www.gov.br/governodigital/pt-br/estrategias-e-governanca-digital/planos-de-transformacao-digital/ptds-vigentes/funai_ptd_2025_2027_docdiretivo_assinado-1_tarjado.pdf,FUNAI,7,Falta de capacitação dos servidores para uso das ferramentas. | Provável | Promover capacitaçã o interna; elaborar passo a passo simplificado : manter canal de dúvidas ativo,sem_produto,Falta de capacitação dos servidores para uso das ferramentas. | Provável | Promover capacitaçã o interna; elaborar passo a passo simplificado : manter canal de dúvidas ativo,,1,
ed1055eeaebe06ba6cf8d81592e1ae9f443635047e9c184a81c7b881efafcfc2,1,3,funai_ptd_2025_2027_docdiretivo_assinado-1_tarjado.pdf,https://www.gov.br/governodigital/pt-br/estrategias-e-governanca-digital/planos-de-transformacao-digital/ptds-vigentes/funai_ptd_2025_2027_docdiretivo_assinado-1_tarjado.pdf,FUNAI,7,Ferramentas disponíveis na instituição não atenderem a requisitos específicos de automação | Muito provável | f | Realizar testes prévios; acionar equipe técnica de TI para apoio; propor ajustes de escopo em caso de limitação técnica,sem_produto,Ferramentas disponíveis na instituição não atenderem a requisitos específicos de automação | Muito provável | f | Realizar testes prévios; acionar equipe técnica de TI para apoio; propor ajustes de escopo em caso de limitação técnica,,1,
ed1055eeaebe06ba6cf8d81592e1ae9f443635047e9c184a81c7b881efafcfc2,1,4,funai_ptd_2025_2027_docdiretivo_assinado-1_tarjado.pdf,https://www.gov.br/governodigital/pt-br/estrategias-e-governanca-digital/planos-de-transformacao-digital/ptds-vigentes/funai_ptd_2025_2027_docdiretivo_assinado-1_tarjado.pdf,FUNAI,7,Insegurança quanto ao uso de formulários digitais para emissão declarações oficiais de | Pouco provável | Consultar setor jurídico previament e; editar normativo interno regulament ando o,sem_produto,Insegurança quanto ao uso de formulários digitais para emissão declarações oficiais de | Pouco provável | Consultar setor jurídico previament e; editar normativo interno regulament ando o,,4,
ed1055eeaebe06ba6cf8d81592e1ae9f443635047e9c184a81c7b881efafcfc2,2,0,funai_ptd_2025_2027_docdiretivo_assinado-1_tarjado.pdf,https://www.gov.br/governodigital/pt-br/estrategias-e-governanca-digital/planos-de-transformacao-digital/ptds-vigentes/funai_ptd_2025_2027_docdiretivo_assinado-1_tarjado.pdf,FUNAI,8,Risco de dados sensíveis trafeggarem sem proteção adequada | | Pouco provável | Alto | Mitigar | Exigir autenticaçã o  gov.br; vincular formulários a contas corporativa s; revisar campos críticos com equipe de segurança da informação,sem_produto,Risco de dados sensíveis trafeggarem sem proteção adequada | | Pouco provável | Alto | Mitigar | Exigir autenticaçã o  gov.br; vincular formulários a contas corporativa s; revisar campos críticos com equipe de segurança da informação,,4,
ed1055eeaebe06ba6cf8d81592e1ae9f443635047e9c184a81c7b881efafcfc2,2,1,funai_ptd_2025_2027_docdiretivo_assinado-1_tarjado.pdf,https://www.gov.br/governodigital/pt-br/estrategias-e-governanca-digital/planos-de-transformacao-digital/ptds-vigentes/funai_ptd_2025_2027_docdiretivo_assinado-1_tarjado.pdf,FUNAI,8,Conflito de responsabilidades | entre unidades técnicas e regionais na tramitação de pedidos | Provável | Alto | Mitigar | Mapear fluxo intersetorial antes da digitalizaçã o; pactuar responsabil idades em reunião conjunta; registrar,sem_produto,Conflito de responsabilidades | entre unidades técnicas e regionais na tramitação de pedidos | Provável | Alto | Mitigar | Mapear fluxo intersetorial antes da digitalizaçã o; pactuar responsabil idades em reunião conjunta; registrar,,4,
ed1055eeaebe06ba6cf8d81592e1ae9f443635047e9c184a81c7b881efafcfc2,2,2,funai_ptd_2025_2027_docdiretivo_assinado-1_tarjado.pdf,https://www.gov.br/governodigital/pt-br/estrategias-e-governanca-digital/planos-de-transformacao-digital/ptds-vigentes/funai_ptd_2025_2027_docdiretivo_assinado-1_tarjado.pdf,FUNAI,8,Resistência de servidores à | mudança para processo digital | Provável | Mitigar | Conduzir ações de sensibilizaç ão; apresentar benefícios da automação; iniciar piloto com unidade,sem_produto,Resistência de servidores à | mudança para processo digital | Provável | Mitigar | Conduzir ações de sensibilizaç ão; apresentar benefícios da automação; iniciar piloto com unidade,,4,
ed1055eeaebe06ba6cf8d81592e1ae9f443635047e9c184a81c7b881efafcfc2,2,3,funai_ptd_2025_2027_docdiretivo_assinado-1_tarjado.pdf,https://www.gov.br/governodigital/pt-br/estrategias-e-governanca-digital/planos-de-transformacao-digital/ptds-vigentes/funai_ptd_2025_2027_docdiretivo_assinado-1_tarjado.pdf,FUNAI,8,Dificuldade de recebimento de arquivos grandes ou georreferenciados por formulário | | Muito Provável | Mitigar | engajada Criar fluxo híbrido com upload em pasta institucional : instruir cidadão a inserir link no formulário; revisar,sem_produto,Dificuldade de recebimento de arquivos grandes ou georreferenciados por formulário | | Muito Provável | Mitigar | engajada Criar fluxo híbrido com upload em pasta institucional : instruir cidadão a inserir link no formulário; revisar,,1,
e9de00987768db49197f2198f114eb72b07244549de81a9fee9498d65c3075c6,0,1,incra_anexo_de_entregas_assinado-1_assinado_assinado-copia_tarjada.pdf,https://www.gov.br/governodigital/pt-br/estrategias-e-governanca-digital/planos-de-transformacao-digital/ptds-vigentes/incra_anexo_de_entregas_assinado-1_assinado_assinado-copia_tarjada.pdf,INCRA,1,Eixo | Serviços Digitais e Melhoria da Quali | Unificação de Canais Digitais | Serviços Digitais e Melhoria da Quali | Serviços Digitais e Melhoria da Quali | Serviços Digitais e Melhoria da Quali | Serviços Digitais e Melhoria da Quali | Unificação de Canais Digitais | Serviços Digitais e Melhoria da Quali | Unificação de Canais Digitais | Unificação de Canais Digitais | Unificação de Canais Digitais | Serviços Digitais e Melhoria da Qualidade | Segurança e Privacidade,ruido,,,1,
e9de00987768db49197f2198f114eb72b07244549de81a9fee9498d65c3075c6,0,2,incra_anexo_de_entregas_assinado-1_assinado_assinado-copia_tarjada.pdf,https://www.gov.br/governodigital/pt-br/estrategias-e-governanca-digital/planos-de-transformacao-digital/ptds-vigentes/incra_anexo_de_entregas_assinado-1_assinado_assinado-copia_tarjada.pdf,INCRA,1,"Produto | Disponibilização em Acesso Digital | Integração ao Login Único | Evol ução do Serviço | Evolução do Serviço | Evolução do Serviço | Evoluçã ução do Serviço | ntegração ao Login Unico | Evolução do Serviço | ntegração ao Login Único | Integração ao Login Único | ntegração ao Login Único | Evolução do Serviço | ntegração ao Login Unico | Auto-avaliação, análise de lacunas PPSI",ruido,,,4,
e9de00987768db49197f2198f114eb72b07244549de81a9fee9498d65c3075c6,0,3,incra_anexo_de_entregas_assinado-1_assinado_assinado-copia_tarjada.pdf,https://www.gov.br/governodigital/pt-br/estrategias-e-governanca-digital/planos-de-transformacao-digital/ptds-vigentes/incra_anexo_de_entregas_assinado-1_assinado_assinado-copia_tarjada.pdf,INCRA,1,Entregas pactuadas Servico/Acao | Solicitar Crédito Instalação | Solicitar Crédito Instalação | Solicitar Título de Assentamento | Solicitar Regularização de Ocupante em 8 ç p Assentamento | Solicitar Contrato de Concessão de Uso | Consultar Regularização de Ocupantes em Assentamentos | Pagar Crédito Instalação | F é-cadast P de Refi agrário cadastro no Frograma de Reforma | Emitir Espelho de Beneficiário Assentado | Emitir Certidão de Assentado | Consultar Relação de Beneficiários Assentados | Atualizar cadastro de beneficiário assentado | Atualizar cadastro de beneficiário assentado,ruido,,,4,
e9de00987768db49197f2198f114eb72b07244549de81a9fee9498d65c3075c6,1,2,incra_anexo_de_entregas_assinado-1_assinado_assinado-copia_tarjada.pdf,https://www.gov.br/governodigital/pt-br/estrategias-e-governanca-digital/planos-de-transformacao-digital/ptds-vigentes/incra_anexo_de_entregas_assinado-1_assinado_assinado-copia_tarjada.pdf,INCRA,2,Eixo | Segurança e Privacidade | Segurança e Privacidade | Segurança e Privacidade | Segurança e Privacidade planejamento Segurança e Privacidade | Segurança e Privacidade | planejamento Segurança e Privacidade,ruido,,,4,
e9de00987768db49197f2198f114eb72b07244549de81a9fee9498d65c3075c6,1,3,incra_anexo_de_entregas_assinado-1_assinado_assinado-copia_tarjada.pdf,https://www.gov.br/governodigital/pt-br/estrategias-e-governanca-digital/planos-de-transformacao-digital/ptds-vigentes/incra_anexo_de_entregas_assinado-1_assinado_assinado-copia_tarjada.pdf,INCRA,2,"Produto | Auto-avaliação, análise de lacunas e planejamento | Implementação do PPSI | Auto-avaliação, análise de lacunas e planejamento | Implementação do PPSI Auto-avaliação, análise de lacunas e | Implementação do PPSI | Auto-avaliação, análise de lacunas e",ruido,,,4,
e9de00987768db49197f2198f114eb72b07244549de81a9fee9498d65c3075c6,1,4,incra_anexo_de_entregas_assinado-1_assinado_assinado-copia_tarjada.pdf,https://www.gov.br/governodigital/pt-br/estrategias-e-governanca-digital/planos-de-transformacao-digital/ptds-vigentes/incra_anexo_de_entregas_assinado-1_assinado_assinado-copia_tarjada.pdf,INCRA,2,Entregas já concluídas não pactuadas Servico/Acao | PPSI Ciclo 1 | PPSI Ciclo 1 | PPSI Ciclo 2 | PPSI Ciclo 3 | PPSI Ciclo 3 | PPSI Ciclo 4,ruido,,,4,
e9de00987768db49197f2198f114eb72b07244549de81a9fee9498d65c3075c6,3,5,incra_anexo_de_entregas_assinado-1_assinado_assinado-copia_tarjada.pdf,https://www.gov.br/governodigital/pt-br/estrategias-e-governanca-digital/planos-de-transformacao-digital/ptds-vigentes/incra_anexo_de_entregas_assinado-1_assinado_assinado-copia_tarjada.pdf,INCRA,5,Governança | Projetos,sem_produto,Governança | Projetos,,4,
e9de00987768db49197f2198f114eb72b07244549de81a9fee9498d65c3075c6,3,8,incra_anexo_de_entregas_assinado-1_assinado_assinado-copia_tarjada.pdf,https://www.gov.br/governodigital/pt-br/estrategias-e-governanca-digital/planos-de-transformacao-digital/ptds-vigentes/incra_anexo_de_entregas_assinado-1_assinado_assinado-copia_tarjada.pdf,INCRA,5,Especiais | Especiais,sem_produto,Especiais | Especiais,,4,
e9de00987768db49197f2198f114eb72b07244549de81a9fee9498d65c3075c6,3,9,incra_anexo_de_entregas_assinado-1_assinado_assinado-copia_tarjada.pdf,https://www.gov.br/governodigital/pt-br/estrategias-e-governanca-digital/planos-de-transformacao-digital/ptds-vigentes/incra_anexo_de_entregas_assinado-1_assinado_assinado-copia_tarjada.pdf,INCRA,5,Gestão | Privacidade,sem_produto,Gestão | Privacidade,,4,
9141beb9ba4b9873ba4485ea96fca068c08f08f5e5575cdcf592936f9835a4cb,2,2,incra_ptd_docdiretivo__assinado-1_assinado_assinado-copia_tarjada.pdf,https://www.gov.br/governodigital/pt-br/estrategias-e-governanca-digital/planos-de-transformacao-digital/ptds-vigentes/incra_ptd_docdiretivo__assinado-1_assinado_assinado-copia_tarjada.pdf,INCRA,7,Disponibilidade dos sistemas de acesso para O cidadão | Pouco provável | Muito alto | Reduzir (mitigar) | Ações sugeridas: (16) Planejamento e digitização das etapas; (19) Monitoramento e manutenção preventiva; (18) Plano de contingência não,sem_produto,Disponibilidade dos sistemas de acesso para O cidadão | Pouco provável | Muito alto | Reduzir (mitigar) | Ações sugeridas: (16) Planejamento e digitização das etapas; (19) Monitoramento e manutenção preventiva; (18) Plano de contingência não,,1,
9141beb9ba4b9873ba4485ea96fca068c08f08f5e5575cdcf592936f9835a4cb,2,3,incra_ptd_docdiretivo__assinado-1_assinado_assinado-copia_tarjada.pdf,https://www.gov.br/governodigital/pt-br/estrategias-e-governanca-digital/planos-de-transformacao-digital/ptds-vigentes/incra_ptd_docdiretivo__assinado-1_assinado_assinado-copia_tarjada.pdf,INCRA,7,Perda de integridade de dados | Muito alto | Reduzir (mitigar) | Ações sugeridas: (12) Fortalecimento da conformidade com a LGPD; (13) Estratégia efetiva de governança de dados; (20) Implementar controles PPSI.,sem_produto,Perda de integridade de dados | Muito alto | Reduzir (mitigar) | Ações sugeridas: (12) Fortalecimento da conformidade com a LGPD; (13) Estratégia efetiva de governança de dados; (20) Implementar controles PPSI.,,3,
9141beb9ba4b9873ba4485ea96fca068c08f08f5e5575cdcf592936f9835a4cb,2,4,incra_ptd_docdiretivo__assinado-1_assinado_assinado-copia_tarjada.pdf,https://www.gov.br/governodigital/pt-br/estrategias-e-governanca-digital/planos-de-transformacao-digital/ptds-vigentes/incra_ptd_docdiretivo__assinado-1_assinado_assinado-copia_tarjada.pdf,INCRA,7,Capacidade de execução da transformação digital | Provável | Reduzir (mitigar) | Ações sugeridas: (4) Formas alternativas de composição da força de trabalho; (1) Governança bem definida; (10) Acompanhamento quinzenal do Plano.,sem_produto,Capacidade de execução da transformação digital | Provável | Reduzir (mitigar) | Ações sugeridas: (4) Formas alternativas de composição da força de trabalho; (1) Governança bem definida; (10) Acompanhamento quinzenal do Plano.,,3,
9141beb9ba4b9873ba4485ea96fca068c08f08f5e5575cdcf592936f9835a4cb,4,1,incra_ptd_docdiretivo__assinado-1_assinado_assinado-copia_tarjada.pdf,https://www.gov.br/governodigital/pt-br/estrategias-e-governanca-digital/planos-de-transformacao-digital/ptds-vigentes/incra_ptd_docdiretivo__assinado-1_assinado_assinado-copia_tarjada.pdf,INCRA,9,Incompatibilidad e entre o tempo transformação serviço e necessidade de alteração normativa | Pouco provável | Reduzir (mitigar) | Ações sugeridas: (6) Alinhamento interno sobre critérios de simplificação e priorização regulatória; (7) Alinhamento com planos de Governo.,sem_produto,Incompatibilidad e entre o tempo transformação serviço e necessidade de alteração normativa | Pouco provável | Reduzir (mitigar) | Ações sugeridas: (6) Alinhamento interno sobre critérios de simplificação e priorização regulatória; (7) Alinhamento com planos de Governo.,,6,
9141beb9ba4b9873ba4485ea96fca068c08f08f5e5575cdcf592936f9835a4cb,4,2,incra_ptd_docdiretivo__assinado-1_assinado_assinado-copia_tarjada.pdf,https://www.gov.br/governodigital/pt-br/estrategias-e-governanca-digital/planos-de-transformacao-digital/ptds-vigentes/incra_ptd_docdiretivo__assinado-1_assinado_assinado-copia_tarjada.pdf,INCRA,9,no | Provável | Reduzir (mitigar) | Ações sugeridas: (11) Reportar à alta administração; (14) Planejamento preventivo para contratação ou migração de soluções; (7) Alinhamento GOV.,sem_produto,no | Provável | Reduzir (mitigar) | Ações sugeridas: (11) Reportar à alta administração; (14) Planejamento preventivo para contratação ou migração de soluções; (7) Alinhamento GOV.,,6,
9141beb9ba4b9873ba4485ea96fca068c08f08f5e5575cdcf592936f9835a4cb,4,3,incra_ptd_docdiretivo__assinado-1_assinado_assinado-copia_tarjada.pdf,https://www.gov.br/governodigital/pt-br/estrategias-e-governanca-digital/planos-de-transformacao-digital/ptds-vigentes/incra_ptd_docdiretivo__assinado-1_assinado_assinado-copia_tarjada.pdf,INCRA,9,Falta de apoio SGD (Secretaria de Governo Digital) | Aceitar (tolerar) | Ações sugeridas: (3) Reuniões periódicas de acompanhamento; (11) Reporte à alta administração para articulações interministeriais.,sem_produto,Falta de apoio SGD (Secretaria de Governo Digital) | Aceitar (tolerar) | Ações sugeridas: (3) Reuniões periódicas de acompanhamento; (11) Reporte à alta administração para articulações interministeriais.,,6,
9141beb9ba4b9873ba4485ea96fca068c08f08f5e5575cdcf592936f9835a4cb,4,4,incra_ptd_docdiretivo__assinado-1_assinado_assinado-copia_tarjada.pdf,https://www.gov.br/governodigital/pt-br/estrategias-e-governanca-digital/planos-de-transformacao-digital/ptds-vigentes/incra_ptd_docdiretivo__assinado-1_assinado_assinado-copia_tarjada.pdf,INCRA,9,A transformação digital de um serviço não fo) resultado esperado | Pouco provável | Reduzir (mitigar) | Ações sugeridas: (15) Participação de especialistas em processos e UX; (5) Boas práticas de gerenciamento de projetos; (16) Revisão contínua.,sem_produto,A transformação digital de um serviço não fo) resultado esperado | Pouco provável | Reduzir (mitigar) | Ações sugeridas: (15) Participação de especialistas em processos e UX; (5) Boas práticas de gerenciamento de projetos; (16) Revisão contínua.,,6,
9141beb9ba4b9873ba4485ea96fca068c08f08f5e5575cdcf592936f9835a4cb,4,5,incra_ptd_docdiretivo__assinado-1_assinado_assinado-copia_tarjada.pdf,https://www.gov.br/governodigital/pt-br/estrategias-e-governanca-digital/planos-de-transformacao-digital/ptds-vigentes/incra_ptd_docdiretivo__assinado-1_assinado_assinado-copia_tarjada.pdf,INCRA,9,A transformação | digital de um | Raro | Reduzir (mitigar) | Ações sugeridas: (15) Mapeamento,sem_produto,A transformação | digital de um | Raro | Reduzir (mitigar) | Ações sugeridas: (15) Mapeamento,,6,
9141beb9ba4b9873ba4485ea96fca068c08f08f5e5575cdcf592936f9835a4cb,5,3,incra_ptd_docdiretivo__assinado-1_assinado_assinado-copia_tarjada.pdf,https://www.gov.br/governodigital/pt-br/estrategias-e-governanca-digital/planos-de-transformacao-digital/ptds-vigentes/incra_ptd_docdiretivo__assinado-1_assinado_assinado-copia_tarjada.pdf,INCRA,10,Ataques cibernéticos | Provável | Muito alto | Reduzir (mitigar) | | Ações sugeridas: (20) Implementação de controles do PPSI; (12) Adequação contínua à LGPD; (1) Estrutura de governança em segurança da informação.,sem_produto,Ataques cibernéticos | Provável | Muito alto | Reduzir (mitigar) | | Ações sugeridas: (20) Implementação de controles do PPSI; (12) Adequação contínua à LGPD; (1) Estrutura de governança em segurança da informação.,,4,
011ced7932efeac94fd5074a00621d79536fd7ad336b91f19674e2eec40a1093,0,3,iti_anexo_de_entregas_assinado.pdf,https://www.gov.br/governodigital/pt-br/estrategias-e-governanca-digital/planos-de-transformacao-digital/ptds-vigentes/iti_anexo_de_entregas_assinado.pdf,ITI,1,Validar Documentos Digitais | Implementação das recomendações do é o . autodiagnóstico de qualidade | . as : : Serviços Digitais e Melhoria da Qualidade | CGOPE/DITEC | 30/12/2027,sem_produto,Validar Documentos Digitais | Implementação das recomendações do é o . autodiagnóstico de qualidade | . as : : Serviços Digitais e Melhoria da Qualidade | CGOPE/DITEC | 30/12/2027,,1,
011ced7932efeac94fd5074a00621d79536fd7ad336b91f19674e2eec40a1093,0,6,iti_anexo_de_entregas_assinado.pdf,https://www.gov.br/governodigital/pt-br/estrategias-e-governanca-digital/planos-de-transformacao-digital/ptds-vigentes/iti_anexo_de_entregas_assinado.pdf,ITI,1,Cadastrar Agente de Registro da ICP-Brasil | Implementação das recomendações do autodlagnóstico de qualidade | . o . . Serviços Digitais e Melhoria da Qualidade | CGNPE/DAFN | 30/12/2027,sem_produto,Cadastrar Agente de Registro da ICP-Brasil | Implementação das recomendações do autodlagnóstico de qualidade | . o . . Serviços Digitais e Melhoria da Qualidade | CGNPE/DAFN | 30/12/2027,,1,
011ced7932efeac94fd5074a00621d79536fd7ad336b91f19674e2eec40a1093,0,12,iti_anexo_de_entregas_assinado.pdf,https://www.gov.br/governodigital/pt-br/estrategias-e-governanca-digital/planos-de-transformacao-digital/ptds-vigentes/iti_anexo_de_entregas_assinado.pdf,ITI,1,Realizar Assinatura Eletrônica | Implementação das recomendações do P ação da daç autodiagnóstico de qualidade | Serviços Digitais e Melhoria da Qualidade | CGOPEIDITEC | 30/12/2027,sem_produto,Realizar Assinatura Eletrônica | Implementação das recomendações do P ação da daç autodiagnóstico de qualidade | Serviços Digitais e Melhoria da Qualidade | CGOPEIDITEC | 30/12/2027,,1,
011ced7932efeac94fd5074a00621d79536fd7ad336b91f19674e2eec40a1093,0,13,iti_anexo_de_entregas_assinado.pdf,https://www.gov.br/governodigital/pt-br/estrategias-e-governanca-digital/planos-de-transformacao-digital/ptds-vigentes/iti_anexo_de_entregas_assinado.pdf,ITI,1,"Disponibilizar e validar assinatura eletrônica em parceria com o Ministério da Saúde, visando a aa co . validação de documentos médicos, como receitas, atestados e pedidos de exames | Outros | . = Projetos Especiais | CGICP | 30/12/2027",sem_produto,"Disponibilizar e validar assinatura eletrônica em parceria com o Ministério da Saúde, visando a aa co . validação de documentos médicos, como receitas, atestados e pedidos de exames | Outros | . = Projetos Especiais | CGICP | 30/12/2027",,1,
011ced7932efeac94fd5074a00621d79536fd7ad336b91f19674e2eec40a1093,0,14,iti_anexo_de_entregas_assinado.pdf,https://www.gov.br/governodigital/pt-br/estrategias-e-governanca-digital/planos-de-transformacao-digital/ptds-vigentes/iti_anexo_de_entregas_assinado.pdf,ITI,1,Disponibilizar assinatura eletrônica para o SEI-ATOS j ANA ss (Sistema de Tramitação de Atos Oficiais) | Outros | . = Projetos Especiais | CGICP e DITEC | 30/12/2026,sem_produto,Disponibilizar assinatura eletrônica para o SEI-ATOS j ANA ss (Sistema de Tramitação de Atos Oficiais) | Outros | . = Projetos Especiais | CGICP e DITEC | 30/12/2026,,1,
011ced7932efeac94fd5074a00621d79536fd7ad336b91f19674e2eec40a1093,0,15,iti_anexo_de_entregas_assinado.pdf,https://www.gov.br/governodigital/pt-br/estrategias-e-governanca-digital/planos-de-transformacao-digital/ptds-vigentes/iti_anexo_de_entregas_assinado.pdf,ITI,1,Implementação do Serviço Biométrico Federal (SBF) | Apoiar a SGD na implementação do SBF | Projetos Especiais | DITI | 31/07/2026,sem_produto,Implementação do Serviço Biométrico Federal (SBF) | Apoiar a SGD na implementação do SBF | Projetos Especiais | DITI | 31/07/2026,,1,
011ced7932efeac94fd5074a00621d79536fd7ad336b91f19674e2eec40a1093,0,16,iti_anexo_de_entregas_assinado.pdf,https://www.gov.br/governodigital/pt-br/estrategias-e-governanca-digital/planos-de-transformacao-digital/ptds-vigentes/iti_anexo_de_entregas_assinado.pdf,ITI,1,Implementação do Serviço Biométrico Federal (SBF) | Gestão operacional do SBF | Projetos Especiais | DITI | 31/07/2026,sem_produto,Implementação do Serviço Biométrico Federal (SBF) | Gestão operacional do SBF | Projetos Especiais | DITI | 31/07/2026,,1,
011ced7932efeac94fd5074a00621d79536fd7ad336b91f19674e2eec40a1093,0,17,iti_anexo_de_entregas_assinado.pdf,https://www.gov.br/governodigital/pt-br/estrategias-e-governanca-digital/planos-de-transformacao-digital/ptds-vigentes/iti_anexo_de_entregas_assinado.pdf,ITI,1,Implementação do Serviço Biométrico Federal (SBF) | Coordenação do Grupo de Tratamento de . N Divergências do SBF | Projetos Especiais | DITI | 31/07/2026,sem_produto,Implementação do Serviço Biométrico Federal (SBF) | Coordenação do Grupo de Tratamento de . N Divergências do SBF | Projetos Especiais | DITI | 31/07/2026,,1,
011ced7932efeac94fd5074a00621d79536fd7ad336b91f19674e2eec40a1093,0,18,iti_anexo_de_entregas_assinado.pdf,https://www.gov.br/governodigital/pt-br/estrategias-e-governanca-digital/planos-de-transformacao-digital/ptds-vigentes/iti_anexo_de_entregas_assinado.pdf,ITI,1,Padronizar a disponibilização dos serviços do ITI nos P . ç o há canais digitais | Outros | Projetos Especiais | Ouvidoria | 30/12/2026,sem_produto,Padronizar a disponibilização dos serviços do ITI nos P . ç o há canais digitais | Outros | Projetos Especiais | Ouvidoria | 30/12/2026,,1,
011ced7932efeac94fd5074a00621d79536fd7ad336b91f19674e2eec40a1093,1,0,iti_anexo_de_entregas_assinado.pdf,https://www.gov.br/governodigital/pt-br/estrategias-e-governanca-digital/planos-de-transformacao-digital/ptds-vigentes/iti_anexo_de_entregas_assinado.pdf,ITI,1,"PPSICiclo 1 | Auto-avaliação, de ana DOS e planejamento | Segurança e Privacidade | Equipe PPSITI | 31/01/2025",sem_produto,"PPSICiclo 1 | Auto-avaliação, de ana DOS e planejamento | Segurança e Privacidade | Equipe PPSITI | 31/01/2025",,4,
011ced7932efeac94fd5074a00621d79536fd7ad336b91f19674e2eec40a1093,1,2,iti_anexo_de_entregas_assinado.pdf,https://www.gov.br/governodigital/pt-br/estrategias-e-governanca-digital/planos-de-transformacao-digital/ptds-vigentes/iti_anexo_de_entregas_assinado.pdf,ITI,1,"PPSI Ciclo 2 | Auto-avaliação, enát da prunos e planejamento | Segurança e Privacidade | Equipe PPSITI | 31/01/2025",sem_produto,"PPSI Ciclo 2 | Auto-avaliação, enát da prunos e planejamento | Segurança e Privacidade | Equipe PPSITI | 31/01/2025",,4,
011ced7932efeac94fd5074a00621d79536fd7ad336b91f19674e2eec40a1093,1,4,iti_anexo_de_entregas_assinado.pdf,https://www.gov.br/governodigital/pt-br/estrategias-e-governanca-digital/planos-de-transformacao-digital/ptds-vigentes/iti_anexo_de_entregas_assinado.pdf,ITI,1,"PPSI Ciclo 3 | Auto-avaliação, e ana TOS e planejamento | Segurança e Privacidade | Equipe PPSITI | 31/01/2025",sem_produto,"PPSI Ciclo 3 | Auto-avaliação, e ana TOS e planejamento | Segurança e Privacidade | Equipe PPSITI | 31/01/2025",,4,
011ced7932efeac94fd5074a00621d79536fd7ad336b91f19674e2eec40a1093,1,6,iti_anexo_de_entregas_assinado.pdf,https://www.gov.br/governodigital/pt-br/estrategias-e-governanca-digital/planos-de-transformacao-digital/ptds-vigentes/iti_anexo_de_entregas_assinado.pdf,ITI,1,"PPSI Ciclo 4 | Auto-avaliação, nd do runas & Planejamento | Segurança e Privacidade | Equipe PPSITI | 31/01/2025",sem_produto,"PPSI Ciclo 4 | Auto-avaliação, nd do runas & Planejamento | Segurança e Privacidade | Equipe PPSITI | 31/01/2025",,4,
011ced7932efeac94fd5074a00621d79536fd7ad336b91f19674e2eec40a1093,1,8,iti_anexo_de_entregas_assinado.pdf,https://www.gov.br/governodigital/pt-br/estrategias-e-governanca-digital/planos-de-transformacao-digital/ptds-vigentes/iti_anexo_de_entregas_assinado.pdf,ITI,1,"PPSICiclo 5 | Auto-avaliação, análise de lacunas e planejamento iá do PSI Planel | Segurança e Privacidade | Equipe PPSI/TI | 31/07/2025",sem_produto,"PPSICiclo 5 | Auto-avaliação, análise de lacunas e planejamento iá do PSI Planel | Segurança e Privacidade | Equipe PPSI/TI | 31/07/2025",,4,
734f30c17d4eed1cab6d52951ee3c9d4cb72764310cd8d1c6ef9fc313904cc8a,2,6,iti_doc_diretivo_assinado-1_tarjado.pdf,https://www.gov.br/governodigital/pt-br/estrategias-e-governanca-digital/planos-de-transformacao-digital/ptds-vigentes/iti_doc_diretivo_assinado-1_tarjado.pdf,ITI,7,"Insuficiência da infraestrutura de TI para suportar a evolução dos serviços digitais | Provável | Alto | N Mitigar | 16,17, 19",sem_produto,"Insuficiência da infraestrutura de TI para suportar a evolução dos serviços digitais | Provável | Alto | N Mitigar | 16,17, 19",,1,
734f30c17d4eed1cab6d52951ee3c9d4cb72764310cd8d1c6ef9fc313904cc8a,2,7,iti_doc_diretivo_assinado-1_tarjado.pdf,https://www.gov.br/governodigital/pt-br/estrategias-e-governanca-digital/planos-de-transformacao-digital/ptds-vigentes/iti_doc_diretivo_assinado-1_tarjado.pdf,ITI,7,"Falhas Na interoperabilidade e/ou incompatibilidades técnicas na integração dos serviços com. ferramentas disponibilizadas pela SGD. | Pouco Provável | Médio | Mitigar | 16,17, 20",sem_produto,"Falhas Na interoperabilidade e/ou incompatibilidades técnicas na integração dos serviços com. ferramentas disponibilizadas pela SGD. | Pouco Provável | Médio | Mitigar | 16,17, 20",,2,
734f30c17d4eed1cab6d52951ee3c9d4cb72764310cd8d1c6ef9fc313904cc8a,2,8,iti_doc_diretivo_assinado-1_tarjado.pdf,https://www.gov.br/governodigital/pt-br/estrategias-e-governanca-digital/planos-de-transformacao-digital/ptds-vigentes/iti_doc_diretivo_assinado-1_tarjado.pdf,ITI,7,"Ataques cibeméticos Contra sistemas do ITI | myitoProvável | | Muito Alto | Mitigar | 18, 19",sem_produto,"Ataques cibeméticos Contra sistemas do ITI | myitoProvável | | Muito Alto | Mitigar | 18, 19",,2,
734f30c17d4eed1cab6d52951ee3c9d4cb72764310cd8d1c6ef9fc313904cc8a,2,9,iti_doc_diretivo_assinado-1_tarjado.pdf,https://www.gov.br/governodigital/pt-br/estrategias-e-governanca-digital/planos-de-transformacao-digital/ptds-vigentes/iti_doc_diretivo_assinado-1_tarjado.pdf,ITI,7,". Resistência cultural à transformação digital | Provável | Médio | Mitigar | 2,3,9,10, 11",sem_produto,". Resistência cultural à transformação digital | Provável | Médio | Mitigar | 2,3,9,10, 11",,2,
734f30c17d4eed1cab6d52951ee3c9d4cb72764310cd8d1c6ef9fc313904cc8a,2,10,iti_doc_diretivo_assinado-1_tarjado.pdf,https://www.gov.br/governodigital/pt-br/estrategias-e-governanca-digital/planos-de-transformacao-digital/ptds-vigentes/iti_doc_diretivo_assinado-1_tarjado.pdf,ITI,7,"Baixa acessibilidade dos serviços digitais | Pouco Provável | Alto | Mitigar | 15, 16, 17",sem_produto,"Baixa acessibilidade dos serviços digitais | Pouco Provável | Alto | Mitigar | 15, 16, 17",,1,
734f30c17d4eed1cab6d52951ee3c9d4cb72764310cd8d1c6ef9fc313904cc8a,2,11,iti_doc_diretivo_assinado-1_tarjado.pdf,https://www.gov.br/governodigital/pt-br/estrategias-e-governanca-digital/planos-de-transformacao-digital/ptds-vigentes/iti_doc_diretivo_assinado-1_tarjado.pdf,ITI,7,"Perda de confiança das Partes interessadas | poco Provável | - Muito Alto | Mitigar | 1,3,9,11, 18",sem_produto,"Perda de confiança das Partes interessadas | poco Provável | - Muito Alto | Mitigar | 1,3,9,11, 18",,1,
fb9f3f3a114389f8c553964c9e4ebfc9b41332fcc3af0374c8161dbd11ede04f,0,1,sgpr_ptd_2025_2027_anexo_de_entregas_assinado-copia_tarjada.pdf,https://www.gov.br/governodigital/pt-br/estrategias-e-governanca-digital/planos-de-transformacao-digital/ptds-vigentes/sgpr_ptd_2025_2027_anexo_de_entregas_assinado-copia_tarjada.pdf,SGPR,1,Obter a carteira de Identidade Jovem (ID Jovem) | Integração à ferramenta de avaliação da I|satisfação dos usuários | Serviços Digitais e Melhoria da Qualidade | Equipe técnica da SNJ e Coordenação de Acessibilidade Digital SNJ | 01/05/2026,sem_produto,Obter a carteira de Identidade Jovem (ID Jovem) | Integração à ferramenta de avaliação da I|satisfação dos usuários | Serviços Digitais e Melhoria da Qualidade | Equipe técnica da SNJ e Coordenação de Acessibilidade Digital SNJ | 01/05/2026,,1,
fb9f3f3a114389f8c553964c9e4ebfc9b41332fcc3af0374c8161dbd11ede04f,1,4,sgpr_ptd_2025_2027_anexo_de_entregas_assinado-copia_tarjada.pdf,https://www.gov.br/governodigital/pt-br/estrategias-e-governanca-digital/planos-de-transformacao-digital/ptds-vigentes/sgpr_ptd_2025_2027_anexo_de_entregas_assinado-copia_tarjada.pdf,SGPR,1,Criação e implementação do novo site do ID Jovem | ução do Serviço | Serviços Digitais e Melhoria da Qualidade | Equipe de Design e Equipe de desenvolvimento SNJ | 06/08/2025,sem_produto,Criação e implementação do novo site do ID Jovem | ução do Serviço | Serviços Digitais e Melhoria da Qualidade | Equipe de Design e Equipe de desenvolvimento SNJ | 06/08/2025,,1,
fb9f3f3a114389f8c553964c9e4ebfc9b41332fcc3af0374c8161dbd11ede04f,1,5,sgpr_ptd_2025_2027_anexo_de_entregas_assinado-copia_tarjada.pdf,https://www.gov.br/governodigital/pt-br/estrategias-e-governanca-digital/planos-de-transformacao-digital/ptds-vigentes/sgpr_ptd_2025_2027_anexo_de_entregas_assinado-copia_tarjada.pdf,SGPR,1,Disponibilizar tradução automática em Libras para conteúdos digitais | ementação do VLIBRAS | Serviços Digitais e Melhoria da Qualidade | Coordenação de Acessibilidade Digital SNJ | 12/05/2025,sem_produto,Disponibilizar tradução automática em Libras para conteúdos digitais | ementação do VLIBRAS | Serviços Digitais e Melhoria da Qualidade | Coordenação de Acessibilidade Digital SNJ | 12/05/2025,,1,
